DATE,PRCP_IL,SNOW_IL,SNWD_IL,PRCP_SD,SNOW_SD,SNWD_SD,TMAX_SD,TMIN_SD,PRCP_MI,SNOW_MI,SNWD_MI,TMAX_MI,TMIN_MI,TOBS_MI,PRCP_MO,SNOW_MO,SNWD_MO,PRCP_AR,SNOW_AR,SNWD_AR,TMAX_AR,TMIN_AR,TOBS_AR,PRCP_KS,SNOW_KS,SNWD_KS,WESF_KS,PRCP_IA,SNOW_IA,SNWD_IA,TMAX_IA,TMIN_IA,TOBS_IA,PRCP_ND,SNOW_ND,SNWD_ND,PRCP_IN,SNOW_IN,SNWD_IN,TMAX_IN,TMIN_IN,TOBS_IN,PRCP_OH,SNOW_OH,SNWD_OH,TMAX_OH,TMIN_OH,PRCP_TN,SNOW_TN,SNWD_TN,TMAX_TN,TMIN_TN,TOBS_TN
2020-01-01,0.0,0,0,0,0.0,380.0,28,-105,18.0,20.0,25.0,-6.0,-33.0,-33.0,0.0,0.0,,0,0,0,111,-6,6,0.0,0.0,,,0,0,0,11.0,-22.0,-22.0,0,0.0,,0.0,0.0,0.0,,,,0,0.0,30.0,33,-27,0,0,0,111,-17,-17
2020-01-02,0.0,0,0,10,0.0,330.0,17,-16,0.0,0.0,25.0,44.0,-39.0,22.0,0.0,0.0,,0,0,0,94,6,72,0.0,0.0,,,0,0,0,100.0,-22.0,28.0,0,0.0,,0.0,0.0,0.0,,,,0,0.0,0.0,83,6,64,0,0,133,-17,72
2020-01-03,0.0,0,0,20,43.0,300.0,17,-149,0.0,0.0,0.0,72.0,17.0,39.0,0.0,0.0,,272,0,0,106,67,100,0.0,0.0,,,0,0,0,100.0,-11.0,-6.0,0,0.0,,104.0,0.0,0.0,,,,99,0.0,0.0,100,72,399,0,0,139,72,133
2020-01-04,56.0,53,51,0,0.0,360.0,-21,-193,0.0,0.0,0.0,39.0,-6.0,-6.0,0.0,0.0,,0,0,0,122,17,17,0.0,0.0,,,0,0,0,100.0,-22.0,-17.0,0,0.0,,0.0,0.0,0.0,,,,51,10.0,0.0,72,-5,51,0,0,156,22,33
2020-01-05,0.0,0,25,0,0.0,360.0,56,-71,,,,,,,0.0,0.0,,0,0,0,83,6,6,0.0,0.0,,,0,0,0,28.0,-17.0,28.0,0,0.0,,0.0,0.0,0.0,,,,0,0.0,0.0,44,-10,0,0,0,67,-22,39
2020-01-06,0.0,0,0,0,0.0,300.0,0,-138,48.0,36.0,25.0,6.0,-22.0,-11.0,0.0,0.0,,0,0,0,150,6,11,0.0,0.0,,,0,0,0,67.0,-33.0,0.0,0,0.0,,0.0,0.0,0.0,,,,0,0.0,0.0,56,-10,0,0,0,167,22,44
2020-01-07,0.0,0,0,0,0.0,300.0,-43,-216,0.0,0.0,0.0,28.0,-39.0,-11.0,0.0,0.0,,0,0,0,89,11,17,0.0,0.0,,,0,0,0,67.0,-33.0,-28.0,0,0.0,,0.0,0.0,0.0,,,,0,0.0,0.0,67,-27,0,0,0,156,11,17
2020-01-08,0.0,0,0,0,0.0,300.0,-77,-210,0.0,0.0,0.0,33.0,-67.0,-61.0,0.0,0.0,,0,0,0,122,6,6,0.0,0.0,,,0,0,0,61.0,-100.0,-100.0,0,0.0,,0.0,0.0,0.0,,,,18,18.0,0.0,22,-82,0,0,0,128,0,0
2020-01-09,0.0,0,0,0,0.0,300.0,-32,-116,0.0,0.0,0.0,-56.0,-100.0,-72.0,0.0,0.0,,0,0,0,133,6,61,0.0,0.0,,,0,0,0,67.0,-100.0,67.0,0,0.0,,61.0,0.0,0.0,,,,0,0.0,30.0,94,-93,0,0,0,183,-6,50
2020-01-10,13.0,0,0,8,5.0,300.0,-110,-260,0.0,0.0,0.0,83.0,-72.0,78.0,5.0,,,41,0,0,150,61,150,20.0,,,,0,0,0,161.0,-39.0,-39.0,0,0.0,,533.0,0.0,0.0,,,,140,0.0,0.0,122,67,0,0,0,178,50,150
2020-01-11,229.0,0,0,0,0.0,300.0,-121,-293,201.0,0.0,0.0,78.0,17.0,17.0,729.0,,,864,0,0,189,100,100,,0.0,0.0,,323,10,0,-11.0,-89.0,-89.0,0,0.0,,325.0,0.0,0.0,,,,56,0.0,0.0,206,117,483,0,0,200,128,133
2020-01-12,13.0,20,0,0,0.0,300.0,-55,-188,249.0,41.0,51.0,17.0,-72.0,-72.0,69.0,46.0,38.0,33,0,0,100,-22,-22,13.0,102.0,102.0,13.0,18,38,51,-67.0,-94.0,-67.0,0,0.0,,20.0,0.0,0.0,,,,0,0.0,0.0,161,17,64,0,0,172,22,44
2020-01-13,0.0,0,0,0,0.0,300.0,-27,-121,18.0,23.0,76.0,-39.0,-72.0,-39.0,0.0,0.0,,0,0,0,33,-22,22,0.0,0.0,51.0,,8,8,51,-22.0,-67.0,-28.0,0,0.0,,0.0,0.0,0.0,,,,0,0.0,0.0,78,11,0,0,0,117,6,106
2020-01-14,0.0,0,0,5,10.0,280.0,-55,-171,3.0,3.0,51.0,-6.0,-39.0,-6.0,0.0,0.0,,0,0,0,61,22,56,0.0,0.0,,,8,0,25,17.0,-28.0,0.0,0,0.0,,0.0,0.0,0.0,,,,0,0.0,0.0,128,6,104,0,0,144,6,111
2020-01-15,0.0,0,0,10,20.0,300.0,-160,-249,0.0,0.0,25.0,22.0,-11.0,-11.0,0.0,0.0,,0,0,0,117,56,94,0.0,0.0,,,0,0,0,17.0,-28.0,-17.0,58,76.0,406.0,0.0,0.0,0.0,,,,10,0.0,0.0,117,17,18,0,0,194,106,167
2020-01-16,0.0,0,0,0,0.0,300.0,-116,-310,8.0,10.0,25.0,17.0,-17.0,-17.0,0.0,0.0,,0,0,0,172,44,44,0.0,0.0,,,0,0,0,-11.0,-178.0,-172.0,0,0.0,,0.0,0.0,0.0,,,,5,5.0,0.0,67,-32,437,0,0,200,56,89
2020-01-17,0.0,0,0,43,74.0,300.0,-32,-121,18.0,38.0,51.0,-17.0,-78.0,-78.0,3.0,,,0,0,0,44,-11,-6,64.0,,,,0,0,0,-89.0,-172.0,-89.0,0,0.0,,0.0,0.0,0.0,,,,3,5.0,0.0,-27,-49,0,0,0,100,17,22
2020-01-18,229.0,84,76,5,5.0,360.0,-121,-205,8.0,8.0,51.0,-44.0,-78.0,-44.0,411.0,,,183,0,0,128,-6,94,0.0,,,,132,99,102,6.0,-89.0,-17.0,0,0.0,,201.0,0.0,0.0,,,,198,119.0,50.0,61,-38,127,0,0,161,22,161
2020-01-19,0.0,0,51,0,0.0,360.0,-171,-243,130.0,91.0,102.0,17.0,-50.0,-50.0,0.0,0.0,,0,0,0,94,-17,-17,0.0,0.0,,,0,0,102,-17.0,-189.0,-189.0,18,25.0,406.0,0.0,0.0,0.0,,,,13,20.0,30.0,0,-93,0,0,0,178,-11,17
2020-01-20,0.0,0,51,0,0.0,360.0,-171,-271,18.0,18.0,152.0,-50.0,-106.0,-106.0,0.0,0.0,,0,0,0,56,-67,-67,0.0,0.0,,,0,0,102,-139.0,-194.0,-161.0,0,0.0,,0.0,0.0,0.0,,,,15,33.0,30.0,-27,-105,0,0,0,100,-67,-56
2020-01-21,0.0,0,51,0,0.0,360.0,-27,-182,0.0,0.0,102.0,-44.0,-117.0,-61.0,15.0,25.0,,0,0,0,-28,-72,-50,0.0,0.0,,,8,8,102,-117.0,-217.0,-178.0,0,0.0,,0.0,0.0,0.0,,,,0,0.0,50.0,-43,-99,0,0,0,-22,-61,-50
2020-01-22,0.0,0,25,0,0.0,360.0,11,-71,0.0,0.0,102.0,-28.0,-78.0,-61.0,0.0,0.0,,0,0,0,-6,-50,-28,25.0,51.0,51.0,25.0,0,0,102,-17.0,-183.0,-17.0,0,0.0,406.0,0.0,0.0,0.0,,,,0,0.0,50.0,11,-110,0,0,0,39,-56,-50
2020-01-23,15.0,15,25,0,0.0,330.0,-38,-71,0.0,0.0,102.0,6.0,-61.0,-28.0,66.0,10.0,13.0,69,0,0,17,-28,11,0.0,0.0,,,53,51,127,0.0,-17.0,0.0,0,0.0,,10.0,0.0,0.0,,,,0,0.0,0.0,56,-32,25,0,0,61,-50,11
2020-01-24,89.0,13,25,0,0.0,330.0,-32,-43,3.0,3.0,102.0,22.0,-33.0,0.0,132.0,140.0,140.0,79,0,0,39,11,33,51.0,51.0,51.0,51.0,94,114,203,39.0,-11.0,-11.0,0,0.0,,89.0,0.0,0.0,,,,185,0.0,0.0,78,28,127,0,0,67,11,33
2020-01-25,102.0,76,76,0,0.0,330.0,-38,-71,58.0,0.0,51.0,28.0,0.0,22.0,10.0,8.0,,0,0,0,44,11,22,0.0,0.0,,,8,5,203,0.0,-22.0,-22.0,0,0.0,,43.0,0.0,0.0,,,,30,8.0,0.0,72,6,13,0,0,72,22,33
2020-01-26,8.0,8,76,0,0.0,330.0,22,-110,28.0,0.0,51.0,28.0,0.0,6.0,0.0,0.0,,0,0,0,89,22,56,0.0,0.0,,,0,0,178,0.0,-83.0,-50.0,0,0.0,406.0,13.0,0.0,0.0,,,,8,8.0,0.0,11,6,8,0,0,106,0,94
2020-01-27,0.0,0,51,0,0.0,330.0,-55,-82,13.0,5.0,51.0,17.0,-11.0,-11.0,0.0,0.0,,0,0,0,144,17,22,0.0,0.0,,,0,0,152,-11.0,-50.0,-17.0,0,0.0,,0.0,0.0,0.0,,,,3,3.0,0.0,17,6,0,0,0,111,72,78
2020-01-28,0.0,0,51,10,5.0,330.0,-21,-66,0.0,0.0,51.0,6.0,-17.0,-17.0,0.0,0.0,,0,0,0,133,17,17,0.0,0.0,,,0,0,127,0.0,-61.0,-50.0,0,0.0,,0.0,0.0,0.0,,,,0,0.0,0.0,11,-5,0,0,0,156,0,6
2020-01-29,0.0,0,51,0,0.0,330.0,-5,-32,0.0,0.0,51.0,-17.0,-28.0,-28.0,18.0,13.0,,69,0,0,22,11,11,25.0,25.0,25.0,25.0,0,0,127,-44.0,-89.0,-83.0,0,0.0,406.0,0.0,0.0,0.0,,,,0,0.0,0.0,0,-16,0,0,0,167,6,56
2020-01-30,0.0,0,51,0,0.0,330.0,6,-16,0.0,0.0,51.0,-11.0,-39.0,-39.0,15.0,18.0,,15,0,0,28,11,11,0.0,0.0,,,0,0,127,-44.0,-83.0,-61.0,0,0.0,406.0,0.0,0.0,0.0,,,,0,0.0,0.0,6,-21,0,0,0,122,44,50
2020-01-31,8.0,8,51,0,0.0,330.0,0,-43,0.0,0.0,51.0,-17.0,-39.0,-22.0,0.0,0.0,,0,0,0,33,11,33,0.0,0.0,,,0,0,102,-11.0,-61.0,-11.0,0,0.0,406.0,0.0,0.0,0.0,,,,0,0.0,0.0,39,-21,25,0,0,89,44,56
2020-02-01,18.0,13,51,0,0.0,330.0,50,-105,0.0,0.0,25.0,6.0,-39.0,-11.0,0.0,0.0,,25,0,0,78,33,44,0.0,0.0,,,3,0,102,17.0,-11.0,6.0,0,0.0,,0.0,0.0,0.0,50.0,11.0,17.0,10,10.0,0.0,17,-32,13,0,0,89,56,78
2020-02-02,0.0,0,51,0,0.0,300.0,78,0,61.0,56.0,102.0,6.0,-17.0,-6.0,0.0,0.0,,0,0,0,128,28,44,0.0,0.0,,,0,0,76,67.0,6.0,39.0,0,0.0,,0.0,0.0,0.0,167.0,11.0,83.0,0,0.0,0.0,122,6,0,0,0,133,33,122
2020-02-03,0.0,0,51,0,0.0,250.0,0,-105,0.0,0.0,51.0,33.0,-28.0,-28.0,0.0,0.0,,0,0,0,183,44,122,0.0,0.0,,,0,0,25,150.0,-17.0,-17.0,0,0.0,,0.0,0.0,0.0,167.0,11.0,150.0,0,0.0,0.0,167,11,0,0,0,222,94,94
2020-02-04,0.0,0,25,0,0.0,250.0,-60,-160,0.0,0.0,51.0,44.0,-33.0,-6.0,0.0,0.0,,46,0,0,178,106,144,0.0,0.0,,,0,0,25,33.0,-33.0,-33.0,0,0.0,,155.0,0.0,0.0,,6.0,6.0,61,0.0,0.0,156,0,0,0,0,228,94,156
2020-02-05,0.0,0,0,0,0.0,250.0,-10,-143,0.0,0.0,51.0,6.0,-72.0,-67.0,18.0,0.0,,229,0,0,150,22,28,0.0,0.0,,,0,0,25,-17.0,-67.0,-67.0,0,0.0,,74.0,0.0,0.0,39.0,-28.0,-22.0,66,0.0,0.0,17,-21,432,0,0,178,72,72
2020-02-06,25.0,38,25,3,8.0,230.0,-16,-121,3.0,5.0,51.0,-22.0,-72.0,-44.0,79.0,86.0,89.0,0,0,0,28,0,6,0.0,0.0,,,0,0,25,-33.0,-117.0,-100.0,0,0.0,,0.0,0.0,0.0,-22.0,-39.0,-39.0,64,0.0,0.0,11,-16,178,0,0,106,17,17
2020-02-07,3.0,3,25,0,0.0,230.0,-121,-177,51.0,64.0,152.0,-28.0,-50.0,-33.0,0.0,0.0,,51,3,0,11,-28,-17,0.0,0.0,,,0,0,0,-6.0,-100.0,-39.0,0,0.0,,0.0,25.0,0.0,11.0,-50.0,-17.0,46,53.0,30.0,-10,-43,25,0,0,33,-11,-11
2020-02-08,0.0,0,25,0,0.0,230.0,-16,-166,8.0,20.0,127.0,-33.0,-106.0,-106.0,5.0,3.0,,0,0,0,67,-17,-6,0.0,0.0,,,8,8,0,-22.0,-83.0,-83.0,0,0.0,,0.0,0.0,0.0,11.0,-22.0,-6.0,0,0.0,30.0,0,-71,0,0,0,89,-28,17
2020-02-09,0.0,0,25,0,0.0,230.0,6,-138,0.0,0.0,127.0,-44.0,-117.0,-44.0,8.0,,,0,0,0,106,-6,106,0.0,0.0,,,0,0,0,11.0,-89.0,11.0,0,0.0,,267.0,0.0,0.0,89.0,-39.0,89.0,25,25.0,0.0,33,-43,0,0,0,122,6,67
2020-02-10,33.0,13,25,0,0.0,230.0,6,-143,64.0,99.0,152.0,6.0,-44.0,-22.0,64.0,,,99,0,0,172,106,133,0.0,0.0,,,0,0,0,61.0,-89.0,-89.0,0,0.0,,107.0,0.0,0.0,161.0,6.0,6.0,38,0.0,0.0,61,11,246,0,0,194,67,106
2020-02-11,0.0,0,0,0,0.0,230.0,-16,-132,0.0,0.0,127.0,-11.0,-56.0,-50.0,0.0,0.0,,71,0,0,133,22,22,0.0,0.0,,,0,0,0,33.0,-89.0,-33.0,0,0.0,,0.0,0.0,0.0,28.0,-11.0,0.0,0,0.0,0.0,39,-5,160,0,0,150,33,44
2020-02-12,0.0,0,0,15,25.0,200.0,-10,-260,0.0,0.0,127.0,-11.0,-56.0,-44.0,0.0,0.0,,69,0,0,56,22,28,13.0,25.0,25.0,13.0,0,0,0,22.0,-33.0,-22.0,0,0.0,,84.0,,,67.0,-28.0,56.0,127,104.0,0.0,22,-43,0,0,0,67,33,44
2020-02-13,33.0,30,25,0,0.0,230.0,-155,-293,13.0,25.0,152.0,6.0,-50.0,-44.0,137.0,61.0,64.0,203,0,0,44,28,28,25.0,51.0,51.0,25.0,48,56,51,11.0,-222.0,-217.0,0,0.0,,0.0,,,61.0,-122.0,-122.0,28,18.0,50.0,11,-49,198,0,0,139,39,56
2020-02-14,0.0,0,25,0,0.0,230.0,-5,-232,5.0,51.0,178.0,-44.0,-167.0,-167.0,0.0,0.0,,0,0,0,44,-78,-78,0.0,0.0,51.0,,0,0,51,-150.0,-244.0,-228.0,0,0.0,,0.0,,,-94.0,-178.0,-111.0,0,5.0,50.0,-49,-121,0,0,0,56,-72,-56
2020-02-15,0.0,0,25,0,0.0,200.0,11,-55,0.0,0.0,152.0,-83.0,-172.0,-139.0,0.0,0.0,,0,0,0,-17,-78,-39,0.0,0.0,51.0,,0,0,25,-33.0,-228.0,-33.0,0,0.0,,0.0,0.0,0.0,44.0,-117.0,39.0,0,0.0,50.0,17,-132,0,0,0,150,-56,139
2020-02-16,0.0,0,25,0,0.0,180.0,-27,-77,0.0,0.0,127.0,-6.0,-139.0,-17.0,0.0,0.0,,0,0,0,83,-39,39,0.0,0.0,,,0,0,0,61.0,-56.0,-50.0,0,0.0,,0.0,0.0,0.0,56.0,-22.0,-22.0,0,0.0,50.0,61,-16,0,0,0,150,72,106
2020-02-17,0.0,0,0,0,0.0,180.0,-10,-60,0.0,0.0,127.0,17.0,-117.0,-117.0,0.0,0.0,,0,0,0,133,39,89,0.0,0.0,,,0,0,0,78.0,-50.0,6.0,30,305.0,305.0,102.0,0.0,0.0,83.0,-33.0,78.0,0,0.0,0.0,72,-43,0,0,0,133,33,94
2020-02-18,0.0,0,0,8,13.0,180.0,-32,-171,61.0,61.0,152.0,6.0,-122.0,6.0,10.0,,,36,0,0,150,89,117,0.0,0.0,,,8,0,0,72.0,-44.0,-44.0,0,0.0,,13.0,0.0,0.0,106.0,-17.0,-17.0,15,0.0,0.0,111,-5,69,0,0,161,78,161
2020-02-19,0.0,0,0,0,0.0,180.0,-127,-249,0.0,0.0,102.0,33.0,-83.0,-83.0,0.0,0.0,,46,0,0,117,-6,-6,0.0,0.0,,,0,0,0,22.0,-100.0,-94.0,0,0.0,,0.0,0.0,0.0,22.0,-44.0,-17.0,0,0.0,0.0,22,-43,58,0,0,161,22,106
2020-02-20,0.0,0,0,0,0.0,180.0,-66,-271,0.0,0.0,102.0,-44.0,-117.0,-106.0,0.0,0.0,,0,0,0,83,-6,17,0.0,0.0,0.0,,0,0,0,-44.0,-150.0,-150.0,0,0.0,,0.0,0.0,0.0,-17.0,-72.0,-67.0,0,0.0,0.0,-27,-93,71,0,0,122,11,22
2020-02-21,0.0,0,0,0,0.0,180.0,33,-121,0.0,0.0,102.0,-56.0,-111.0,-106.0,0.0,0.0,,10,0,0,67,-56,-56,0.0,0.0,,,0,0,0,-50.0,-156.0,-83.0,0,0.0,,0.0,0.0,0.0,22.0,-94.0,-22.0,0,0.0,0.0,11,-110,0,0,0,61,-56,-44
2020-02-22,0.0,0,0,0,0.0,180.0,50,-138,0.0,0.0,102.0,6.0,-106.0,-33.0,0.0,0.0,,0,0,0,33,-56,-33,0.0,0.0,,,0,0,0,28.0,-83.0,-11.0,0,0.0,,0.0,0.0,0.0,117.0,-22.0,56.0,0,0.0,0.0,83,-60,0,0,0,72,-72,50
2020-02-23,0.0,0,0,0,0.0,180.0,33,-71,0.0,0.0,76.0,50.0,-33.0,-6.0,0.0,0.0,,0,0,0,89,-33,50,0.0,0.0,,,0,0,0,111.0,-11.0,-6.0,0,0.0,,,,,,,,0,0.0,0.0,100,-21,0,0,0,128,28,89
2020-02-24,0.0,0,0,3,0.0,150.0,17,-66,0.0,0.0,51.0,106.0,-11.0,-11.0,89.0,,,152,0,0,89,50,83,203.0,,,,0,0,0,167.0,-6.0,6.0,0,0.0,,74.0,0.0,0.0,167.0,39.0,117.0,53,0.0,0.0,111,6,102,0,0,128,67,78
2020-02-25,3.0,0,0,0,0.0,150.0,-21,-116,0.0,0.0,25.0,56.0,-17.0,6.0,216.0,13.0,13.0,38,0,0,156,78,78,0.0,0.0,,,0,0,0,50.0,0.0,0.0,0,0.0,,119.0,0.0,0.0,211.0,44.0,44.0,71,0.0,0.0,94,33,132,0,0,139,72,89
2020-02-26,10.0,10,0,0,0.0,150.0,-32,-116,5.0,10.0,25.0,22.0,-28.0,-28.0,46.0,36.0,38.0,0,0,0,94,28,28,0.0,0.0,,,0,0,0,0.0,-33.0,-17.0,0,0.0,203.0,102.0,0.0,0.0,200.0,-39.0,-39.0,58,13.0,0.0,56,-32,10,0,0,111,33,44
2020-02-27,0.0,0,0,0,0.0,150.0,-21,-127,36.0,61.0,102.0,-28.0,-83.0,-78.0,0.0,,,0,0,0,33,-28,-28,0.0,0.0,,,0,0,0,6.0,-56.0,-39.0,0,0.0,,0.0,,,22.0,-50.0,-33.0,8,20.0,30.0,-21,-66,0,0,0,61,-39,-33
2020-02-28,0.0,0,0,0,0.0,150.0,-16,-82,0.0,0.0,102.0,-44.0,-89.0,-78.0,0.0,0.0,,0,0,0,94,-33,28,0.0,,,,0,0,0,39.0,-50.0,-11.0,0,0.0,,0.0,0.0,0.0,89.0,-67.0,-67.0,0,0.0,30.0,-27,-82,0,0,0,111,-33,100
2020-02-29,0.0,0,0,0,0.0,150.0,39,-43,5.0,25.0,76.0,-44.0,-83.0,-83.0,0.0,0.0,,0,0,0,128,11,11,0.0,0.0,,,0,0,0,28.0,-89.0,-67.0,0,0.0,,0.0,0.0,0.0,6.0,-89.0,-22.0,0,0.0,30.0,-10,-71,0,0,0,117,0,44
2020-03-01,0.0,0,0,0,0.0,130.0,44,-55,0.0,0.0,51.0,0.0,-89.0,-56.0,0.0,0.0,,0,0,0,133,6,100,0.0,0.0,,,0,0,0,106.0,-67.0,78.0,0,0.0,,0.0,0.0,0.0,139.0,-28.0,128.0,0,0.0,0.0,89,-77,0,0,0,167,44,144
2020-03-02,0.0,0,0,0,0.0,100.0,28,-99,0.0,0.0,25.0,67.0,-56.0,39.0,0.0,0.0,,5,0,0,189,100,111,0.0,0.0,,,0,0,0,178.0,-17.0,-17.0,0,0.0,,102.0,0.0,0.0,183.0,106.0,106.0,58,0.0,0.0,100,72,112,0,0,222,-6,133
2020-03-03,0.0,0,0,0,0.0,100.0,56,-21,0.0,0.0,0.0,83.0,-39.0,-11.0,0.0,0.0,,13,0,0,211,89,89,0.0,0.0,,,0,0,0,56.0,-22.0,44.0,0,0.0,,69.0,0.0,0.0,,50.0,50.0,79,0.0,0.0,122,39,64,0,0,222,128,150
2020-03-04,0.0,0,0,5,0.0,80.0,56,-38,0.0,0.0,0.0,61.0,-11.0,0.0,0.0,0.0,,0,0,0,194,72,72,0.0,0.0,,,0,0,0,128.0,0.0,33.0,0,0.0,,0.0,0.0,0.0,106.0,0.0,0.0,5,0.0,0.0,83,6,0,0,0,189,89,106
2020-03-05,0.0,0,0,0,0.0,80.0,44,-55,0.0,0.0,0.0,33.0,-61.0,-44.0,0.0,0.0,,0,0,0,150,61,61,0.0,0.0,,,0,0,0,122.0,33.0,44.0,0,0.0,,0.0,0.0,0.0,139.0,-17.0,44.0,0,0.0,0.0,100,-21,0,0,0,156,78,78
2020-03-06,0.0,0,0,0,0.0,30.0,44,-71,13.0,0.0,0.0,61.0,-44.0,0.0,0.0,0.0,,0,0,0,206,50,56,0.0,0.0,,,0,0,0,122.0,-28.0,-22.0,0,0.0,,0.0,0.0,0.0,44.0,-28.0,-28.0,20,0.0,0.0,50,-10,0,0,0,194,56,67
2020-03-07,0.0,0,0,0,0.0,0.0,100,6,3.0,3.0,0.0,6.0,-83.0,-72.0,0.0,0.0,,0,0,0,139,-6,-6,0.0,0.0,,,0,0,0,94.0,-22.0,22.0,0,0.0,,0.0,0.0,0.0,89.0,-56.0,44.0,0,0.0,0.0,56,-21,0,0,0,128,-11,50
2020-03-08,0.0,0,0,0,0.0,0.0,117,-16,0.0,0.0,0.0,67.0,-83.0,6.0,0.0,0.0,,0,0,0,128,-6,22,0.0,0.0,,,0,0,0,178.0,22.0,89.0,0,0.0,,0.0,0.0,0.0,,22.0,,0,0.0,0.0,156,-16,0,0,0,161,22,111
2020-03-09,43.0,0,0,0,0.0,0.0,-16,-71,0.0,0.0,0.0,156.0,0.0,106.0,38.0,,,0,0,0,194,22,128,340.0,,,,38,0,0,211.0,83.0,83.0,0,0.0,,15.0,0.0,0.0,,100.0,,0,0.0,0.0,194,83,0,0,0,211,111,128
2020-03-10,224.0,0,0,8,10.0,0.0,22,-71,152.0,0.0,0.0,150.0,17.0,17.0,269.0,,,38,0,0,161,100,100,175.0,,,,112,0,0,94.0,-17.0,-17.0,0,0.0,,109.0,0.0,0.0,,28.0,33.0,61,0.0,0.0,156,6,127,0,0,189,122,161
2020-03-11,3.0,0,0,0,0.0,0.0,67,-38,8.0,0.0,0.0,56.0,-22.0,-6.0,0.0,0.0,,0,0,0,150,61,72,0.0,0.0,,,0,0,0,100.0,-17.0,44.0,0,0.0,,5.0,0.0,0.0,83.0,28.0,78.0,0,0.0,0.0,100,-10,10,0,0,189,44,61
2020-03-12,0.0,0,0,3,0.0,0.0,67,-27,0.0,0.0,0.0,50.0,-6.0,28.0,0.0,0.0,,51,0,0,178,67,122,0.0,0.0,,,0,0,0,139.0,44.0,83.0,0,0.0,,74.0,0.0,0.0,,67.0,,3,0.0,0.0,156,50,130,0,0,211,61,161
2020-03-13,0.0,0,0,0,0.0,0.0,22,-43,20.0,0.0,0.0,83.0,28.0,33.0,302.0,,,64,0,0,233,117,117,0.0,0.0,,,0,0,0,194.0,-17.0,-17.0,0,0.0,,0.0,0.0,0.0,206.0,22.0,28.0,66,0.0,0.0,150,28,155,0,0,244,139,156
2020-03-14,0.0,0,0,0,0.0,0.0,6,-66,0.0,0.0,0.0,61.0,-22.0,-22.0,135.0,,,13,0,0,117,61,67,150.0,,,,28,25,25,100.0,-17.0,0.0,0,0.0,,104.0,30.0,51.0,44.0,0.0,0.0,20,23.0,0.0,56,-5,79,0,0,156,67,89
2020-03-15,28.0,25,25,0,0.0,0.0,11,-55,0.0,0.0,0.0,0.0,-22.0,-22.0,20.0,,,102,0,0,67,44,44,0.0,,,,18,10,0,22.0,-22.0,-22.0,0,0.0,,0.0,0.0,0.0,61.0,-6.0,17.0,0,0.0,30.0,100,-10,569,0,0,228,56,61
2020-03-16,0.0,0,0,3,0.0,0.0,22,-27,0.0,0.0,0.0,11.0,-56.0,-33.0,3.0,,,38,0,0,56,33,39,41.0,,,,3,0,0,22.0,-22.0,0.0,0,0.0,,0.0,0.0,0.0,78.0,17.0,56.0,3,0.0,0.0,100,-27,0,0,0,111,50,56
2020-03-17,0.0,0,0,0,0.0,0.0,67,-82,0.0,0.0,0.0,72.0,-33.0,28.0,25.0,,,112,0,0,72,39,67,0.0,0.0,,,0,0,0,67.0,-6.0,-6.0,0,0.0,,0.0,0.0,0.0,94.0,28.0,33.0,0,0.0,0.0,67,17,89,0,0,106,50,100
2020-03-18,0.0,0,0,0,0.0,0.0,83,0,0.0,0.0,0.0,78.0,-33.0,-11.0,30.0,,,97,0,0,111,67,89,56.0,,,,86,0,0,89.0,-6.0,44.0,0,0.0,,168.0,0.0,0.0,,28.0,106.0,411,0.0,0.0,111,0,0,0,0,172,94,133
2020-03-19,109.0,0,0,0,0.0,0.0,0,-93,0.0,0.0,0.0,56.0,-28.0,-28.0,122.0,,,79,0,0,178,89,172,25.0,,,,56,0,0,67.0,44.0,67.0,36,51.0,51.0,89.0,0.0,0.0,,72.0,,109,0.0,0.0,183,67,79,0,0,211,133,183
2020-03-20,89.0,0,0,0,0.0,0.0,-21,-127,122.0,0.0,0.0,144.0,-33.0,83.0,201.0,,,25,0,0,217,172,172,0.0,0.0,,,119,0,0,183.0,0.0,0.0,0,0.0,,58.0,0.0,0.0,,-6.0,-6.0,99,0.0,0.0,211,11,71,0,0,256,183,211
2020-03-21,0.0,0,0,0,0.0,0.0,39,-88,8.0,0.0,0.0,83.0,-56.0,-56.0,0.0,0.0,,0,0,0,178,39,39,0.0,0.0,,,0,0,0,17.0,-28.0,-28.0,0,0.0,,0.0,0.0,0.0,6.0,-17.0,0.0,0,0.0,0.0,11,-38,155,0,0,211,56,67
2020-03-22,0.0,0,0,0,0.0,0.0,83,-27,0.0,0.0,0.0,-22.0,-94.0,-94.0,25.0,,,0,0,0,100,39,39,76.0,,,,0,0,0,56.0,-28.0,-6.0,0,0.0,,36.0,0.0,0.0,133.0,-28.0,22.0,23,0.0,0.0,89,-60,0,0,0,122,44,83
2020-03-23,84.0,89,76,0,0.0,0.0,117,-71,20.0,23.0,25.0,28.0,-94.0,-17.0,180.0,8.0,,102,0,0,78,33,72,109.0,,,,38,15,0,6.0,-11.0,6.0,0,0.0,,0.0,0.0,0.0,56.0,17.0,33.0,10,0.0,0.0,83,33,292,0,0,111,78,106
2020-03-24,0.0,0,0,0,0.0,0.0,183,0,13.0,0.0,0.0,44.0,-17.0,0.0,0.0,0.0,,76,0,0,139,72,83,5.0,,,,0,0,0,72.0,6.0,33.0,0,0.0,,0.0,0.0,0.0,183.0,28.0,50.0,0,0.0,0.0,67,28,114,0,0,183,94,128
2020-03-25,0.0,0,0,8,0.0,0.0,39,-43,0.0,0.0,0.0,67.0,0.0,11.0,97.0,,,53,0,0,139,83,83,0.0,0.0,,,3,0,0,78.0,28.0,56.0,0,0.0,,0.0,0.0,0.0,150.0,6.0,106.0,36,0.0,0.0,167,44,241,0,0,206,94,94
2020-03-26,0.0,0,0,0,0.0,0.0,33,-55,0.0,0.0,0.0,122.0,11.0,67.0,0.0,0.0,,0,0,0,117,72,72,0.0,0.0,,,0,0,0,161.0,50.0,72.0,0,0.0,,0.0,0.0,0.0,117.0,,78.0,28,0.0,0.0,194,72,0,0,0,194,83,194
2020-03-27,25.0,0,0,0,0.0,0.0,128,6,0.0,0.0,0.0,100.0,11.0,11.0,130.0,,,0,0,0,272,72,183,246.0,,,,0,0,0,122.0,61.0,61.0,0,0.0,,61.0,0.0,0.0,222.0,78.0,122.0,81,0.0,0.0,133,83,0,0,0,306,189,233
2020-03-28,20.0,0,0,0,0.0,0.0,117,0,30.0,0.0,0.0,83.0,6.0,33.0,175.0,,,0,0,0,256,178,206,5.0,,,,122,0,0,106.0,61.0,94.0,0,0.0,,559.0,0.0,0.0,,,,170,0.0,0.0,183,94,0,0,0,300,206,250
2020-03-29,64.0,0,0,0,0.0,0.0,139,-21,226.0,0.0,0.0,83.0,33.0,83.0,33.0,,,178,0,0,233,117,117,0.0,0.0,,,13,0,0,233.0,39.0,61.0,0,0.0,,0.0,0.0,0.0,,106.0,122.0,99,0.0,0.0,222,117,114,0,0,283,122,128
2020-03-30,0.0,0,0,0,0.0,0.0,189,-38,10.0,0.0,0.0,167.0,39.0,44.0,0.0,0.0,,0,0,0,222,100,100,0.0,0.0,,,0,0,0,150.0,11.0,11.0,0,0.0,,0.0,0.0,0.0,122.0,50.0,56.0,5,0.0,0.0,133,44,0,0,0,222,83,94
2020-03-31,0.0,0,0,15,0.0,0.0,144,44,5.0,0.0,0.0,56.0,17.0,17.0,0.0,0.0,,254,0,0,172,94,94,0.0,0.0,,,0,0,0,161.0,11.0,44.0,0,0.0,,,,,,,,3,0.0,0.0,78,39,399,0,0,183,89,106
2020-04-01,0.0,0,0,5,0.0,0.0,139,-16,25.0,0.0,0.0,56.0,17.0,33.0,0.0,0.0,,56,0,0,183,72,72,0.0,0.0,,,0,0,0,144.0,17.0,28.0,0,0.0,,0.0,0.0,0.0,178.0,44.0,44.0,10,0.0,0.0,111,28,33,0,0,156,33,44
2020-04-02,0.0,0,0,76,48.0,0.0,-16,-77,0.0,0.0,0.0,94.0,11.0,11.0,0.0,0.0,,0,0,0,183,72,106,0.0,0.0,,,0,0,0,161.0,28.0,94.0,0,0.0,,0.0,0.0,0.0,144.0,11.0,72.0,0,0.0,0.0,139,6,0,0,0,189,39,72
2020-04-03,5.0,0,0,0,0.0,50.0,-16,-116,0.0,0.0,0.0,133.0,-17.0,-11.0,5.0,,,20,0,0,211,100,133,0.0,0.0,,,94,0,0,167.0,28.0,28.0,81,76.0,76.0,0.0,0.0,0.0,172.0,11.0,122.0,0,0.0,0.0,150,0,0,0,0,233,61,111
2020-04-04,5.0,0,0,0,0.0,30.0,50,-138,0.0,0.0,0.0,94.0,-17.0,-11.0,94.0,,,0,0,0,183,94,94,41.0,,,,64,0,0,28.0,-33.0,-28.0,0,0.0,,13.0,0.0,0.0,256.0,61.0,61.0,0,0.0,0.0,200,0,0,0,0,256,100,122
2020-04-05,0.0,0,0,0,0.0,0.0,128,-32,8.0,0.0,0.0,133.0,-17.0,0.0,0.0,0.0,,0,0,0,133,83,89,0.0,0.0,,,0,0,0,78.0,-33.0,17.0,0,0.0,,0.0,0.0,0.0,106.0,39.0,56.0,0,0.0,0.0,139,17,0,0,0,239,89,122
2020-04-06,0.0,0,0,0,0.0,0.0,200,33,0.0,0.0,0.0,83.0,-33.0,-33.0,0.0,0.0,,0,0,0,206,89,117,0.0,0.0,,,0,0,0,144.0,17.0,56.0,0,0.0,,0.0,0.0,0.0,183.0,17.0,133.0,0,0.0,0.0,189,-5,0,0,0,261,117,122
2020-04-07,5.0,0,0,0,0.0,0.0,206,50,0.0,0.0,0.0,150.0,-33.0,72.0,0.0,0.0,,0,0,0,250,117,172,0.0,0.0,,,0,0,0,172.0,56.0,156.0,0,0.0,,0.0,0.0,0.0,,,,127,0.0,0.0,211,94,0,0,0,278,122,194
2020-04-08,5.0,0,0,0,0.0,0.0,122,17,69.0,0.0,0.0,106.0,50.0,61.0,0.0,0.0,,0,0,0,250,167,206,0.0,0.0,,,0,0,0,250.0,94.0,150.0,0,0.0,,74.0,0.0,0.0,,144.0,244.0,109,0.0,0.0,206,117,10,0,0,239,183,211
2020-04-09,10.0,0,0,3,8.0,0.0,50,-55,30.0,0.0,0.0,167.0,22.0,33.0,0.0,0.0,,84,0,0,300,122,122,0.0,0.0,,,0,0,0,256.0,11.0,17.0,0,0.0,,0.0,0.0,0.0,250.0,22.0,28.0,30,0.0,0.0,144,22,472,0,0,289,122,133
2020-04-10,0.0,0,0,0,0.0,0.0,122,-66,8.0,0.0,0.0,78.0,-6.0,-6.0,0.0,0.0,,0,0,0,206,39,39,0.0,0.0,,,0,0,0,117.0,-33.0,-22.0,0,0.0,,0.0,0.0,0.0,94.0,-6.0,61.0,33,33.0,30.0,83,0,0,0,0,267,33,56
2020-04-11,0.0,0,0,0,0.0,0.0,72,-5,0.0,0.0,0.0,67.0,-39.0,-6.0,0.0,0.0,,0,0,0,139,39,56,0.0,0.0,,,0,0,0,117.0,-22.0,44.0,0,0.0,,0.0,0.0,0.0,167.0,39.0,122.0,0,0.0,0.0,122,-10,0,0,0,150,22,33
2020-04-12,102.0,0,0,0,0.0,0.0,33,-82,3.0,0.0,0.0,128.0,-6.0,72.0,53.0,,,114,0,0,211,56,128,3.0,,,,28,0,0,172.0,44.0,94.0,0,0.0,,25.0,0.0,0.0,,100.0,,41,0.0,0.0,167,72,163,0,0,228,33,117
2020-04-13,79.0,0,0,0,0.0,0.0,11,-82,43.0,0.0,0.0,161.0,72.0,94.0,48.0,,,292,0,0,189,39,39,25.0,,,,107,0,0,178.0,-39.0,-28.0,0,0.0,0.0,25.0,0.0,0.0,,28.0,28.0,102,0.0,0.0,161,50,907,0,0,178,61,61
2020-04-14,0.0,0,0,0,0.0,0.0,17,-77,5.0,0.0,0.0,117.0,-22.0,-17.0,0.0,0.0,,0,0,0,106,39,44,0.0,0.0,,,0,0,0,56.0,-39.0,-33.0,0,0.0,,0.0,0.0,0.0,67.0,-6.0,17.0,0,0.0,0.0,67,0,0,0,0,128,28,28
2020-04-15,10.0,38,25,0,0.0,0.0,50,-93,5.0,3.0,0.0,28.0,-33.0,-33.0,0.0,0.0,,0,0,0,100,28,28,0.0,0.0,,,23,41,51,61.0,-44.0,-44.0,0,0.0,,0.0,0.0,0.0,72.0,-17.0,-6.0,20,0.0,0.0,89,-27,0,0,0,106,-17,-11
2020-04-16,3.0,13,0,0,0.0,0.0,100,-82,0.0,0.0,0.0,33.0,-56.0,-33.0,0.0,0.0,,0,0,0,178,28,44,0.0,0.0,,,3,3,0,44.0,-44.0,-6.0,0,0.0,,0.0,0.0,0.0,83.0,-22.0,56.0,0,0.0,0.0,72,-32,0,0,0,172,-11,28
2020-04-17,33.0,64,51,0,0.0,0.0,128,-77,0.0,0.0,0.0,50.0,-33.0,-11.0,81.0,,,0,0,0,194,39,100,318.0,,,,173,188,178,39.0,-6.0,-6.0,0,0.0,,1194.0,0.0,0.0,,17.0,22.0,94,20.0,0.0,56,-5,0,0,0,217,28,100
2020-04-18,18.0,5,0,0,0.0,0.0,172,-10,0.0,0.0,0.0,50.0,-22.0,0.0,0.0,0.0,,0,0,0,194,28,28,0.0,0.0,,,0,0,0,67.0,-6.0,11.0,0,0.0,,0.0,0.0,0.0,128.0,0.0,94.0,0,0.0,0.0,106,11,66,0,0,239,50,50
2020-04-19,0.0,0,0,0,0.0,0.0,128,-38,5.0,0.0,0.0,128.0,0.0,61.0,0.0,0.0,,51,0,0,156,22,100,0.0,0.0,,,0,0,0,156.0,11.0,72.0,0,0.0,,0.0,0.0,0.0,172.0,50.0,83.0,0,0.0,0.0,144,33,38,0,0,183,50,133
2020-04-20,0.0,0,0,0,0.0,0.0,189,0,0.0,0.0,0.0,133.0,-44.0,-28.0,0.0,0.0,,25,0,0,144,83,100,76.0,,,,3,0,0,167.0,28.0,56.0,0,0.0,,0.0,0.0,0.0,172.0,28.0,128.0,0,0.0,0.0,144,6,89,0,0,150,83,83
2020-04-21,0.0,0,0,0,0.0,0.0,250,-32,25.0,0.0,0.0,133.0,-28.0,6.0,0.0,,,13,0,0,233,100,172,0.0,0.0,,,5,0,0,189.0,28.0,28.0,0,0.0,,0.0,0.0,0.0,133.0,28.0,28.0,8,0.0,0.0,122,6,0,0,0,233,83,117
2020-04-22,0.0,0,0,0,0.0,0.0,256,-16,0.0,0.0,0.0,28.0,-44.0,-39.0,0.0,0.0,,0,0,0,250,111,122,,,,,3,0,0,167.0,28.0,117.0,0,0.0,,0.0,0.0,0.0,211.0,11.0,161.0,5,0.0,0.0,67,-32,0,0,0,244,94,117
2020-04-23,0.0,0,0,0,0.0,0.0,222,61,0.0,0.0,0.0,33.0,-39.0,17.0,114.0,,,173,0,0,178,122,139,,,,,0,0,0,233.0,100.0,217.0,0,0.0,,71.0,0.0,0.0,,106.0,156.0,20,0.0,0.0,178,33,114,0,0,206,117,139
2020-04-24,0.0,0,0,0,0.0,0.0,200,44,0.0,0.0,0.0,72.0,17.0,39.0,20.0,,,0,0,0,178,94,100,,,,,0,0,0,222.0,100.0,111.0,0,0.0,,0.0,0.0,0.0,194.0,67.0,139.0,0,0.0,0.0,178,67,30,0,0,189,89,89
2020-04-25,127.0,0,0,41,0.0,0.0,167,33,0.0,0.0,0.0,89.0,-11.0,-11.0,605.0,,,102,0,0,194,100,128,,,,,23,0,0,161.0,72.0,72.0,0,0.0,,86.0,0.0,0.0,,,167.0,28,0.0,0.0,206,33,8,0,0,239,89,150
2020-04-26,203.0,0,0,0,0.0,0.0,211,-10,0.0,0.0,0.0,133.0,-11.0,56.0,104.0,,,0,0,0,172,83,89,,,,,0,0,0,178.0,56.0,72.0,0,0.0,,76.0,0.0,0.0,,83.0,83.0,183,0.0,0.0,111,56,0,0,0,200,67,78
2020-04-27,0.0,0,0,0,0.0,0.0,244,33,0.0,0.0,0.0,128.0,-22.0,-6.0,3.0,,,0,0,0,217,89,150,,,,,0,0,0,200.0,67.0,128.0,0,0.0,,0.0,0.0,0.0,189.0,17.0,150.0,8,0.0,0.0,161,28,0,0,0,200,56,83
2020-04-28,25.0,0,0,107,0.0,0.0,150,94,15.0,0.0,0.0,161.0,-6.0,78.0,36.0,,,0,0,0,217,144,156,,,,,0,0,0,239.0,122.0,178.0,0,0.0,,0.0,0.0,0.0,244.0,128.0,183.0,0,0.0,0.0,178,89,0,0,0,239,83,161
2020-04-29,523.0,0,0,0,0.0,0.0,194,50,127.0,0.0,0.0,183.0,78.0,83.0,155.0,,,231,0,0,233,150,150,,,,,0,0,0,222.0,89.0,89.0,89,0.0,,61.0,0.0,0.0,,128.0,,48,0.0,0.0,233,117,117,0,0,250,139,144
2020-04-30,318.0,0,0,0,0.0,0.0,228,0,58.0,0.0,0.0,172.0,83.0,106.0,25.0,,,5,0,0,183,100,100,,,,,0,0,0,150.0,50.0,61.0,0,0.0,,20.0,0.0,0.0,,61.0,67.0,20,0.0,0.0,139,72,13,0,0,217,89,94
2020-05-01,0.0,0,0,0,0.0,0.0,267,133,56.0,0.0,0.0,139.0,39.0,39.0,0.0,0.0,,0,0,0,228,100,100,,,,,0,0,0,217.0,61.0,67.0,0,,,0.0,0.0,0.0,189.0,44.0,150.0,18,0.0,0.0,133,56,0,0,0,217,67,72
2020-05-02,0.0,0,0,0,0.0,0.0,239,61,0.0,0.0,0.0,167.0,39.0,106.0,0.0,0.0,,0,0,0,267,100,150,,,,,0,0,0,250.0,61.0,178.0,0,,,0.0,0.0,0.0,,139.0,194.0,0,0.0,0.0,228,56,0,0,0,272,72,150
2020-05-03,0.0,0,0,0,0.0,0.0,167,44,0.0,0.0,0.0,233.0,78.0,106.0,0.0,0.0,,0,0,0,289,150,194,,,,,13,0,0,233.0,128.0,133.0,0,,,191.0,0.0,0.0,,94.0,94.0,0,0.0,0.0,244,133,0,0,0,283,150,172
2020-05-04,0.0,0,0,536,0.0,0.0,89,61,0.0,0.0,0.0,217.0,33.0,33.0,0.0,0.0,,89,0,0,261,156,156,,,,,0,0,0,239.0,83.0,94.0,0,,,0.0,0.0,0.0,167.0,83.0,139.0,0,0.0,0.0,139,44,0,0,0,267,172,183
2020-05-05,56.0,0,0,46,0.0,0.0,111,61,0.0,0.0,0.0,78.0,-6.0,0.0,168.0,,,122,0,0,211,150,167,,,,,56,0,0,139.0,67.0,67.0,279,,,18.0,0.0,0.0,294.0,39.0,267.0,3,0.0,0.0,128,17,0,0,0,278,183,200
2020-05-06,102.0,0,0,0,0.0,0.0,194,17,0.0,0.0,0.0,61.0,0.0,6.0,0.0,0.0,,0,0,0,228,111,111,,,,,43,0,0,100.0,56.0,72.0,38,,,8.0,0.0,0.0,283.0,50.0,56.0,8,0.0,0.0,133,44,0,0,0,222,83,94
2020-05-07,0.0,0,0,0,0.0,0.0,133,22,0.0,0.0,0.0,139.0,6.0,56.0,0.0,0.0,,0,0,0,183,78,78,0.0,0.0,,,0,0,0,161.0,56.0,72.0,0,,,0.0,0.0,0.0,189.0,33.0,144.0,0,0.0,0.0,194,17,0,0,0,167,44,67
2020-05-08,0.0,0,0,0,0.0,0.0,139,-16,0.0,0.0,0.0,117.0,0.0,0.0,48.0,,,165,0,0,206,78,122,69.0,,,,13,0,0,189.0,50.0,50.0,0,,,152.0,0.0,0.0,,6.0,6.0,3,0.0,0.0,83,-16,18,0,0,222,67,117
2020-05-09,0.0,0,0,8,0.0,0.0,100,11,5.0,5.0,0.0,33.0,-28.0,-11.0,0.0,0.0,,13,0,0,178,61,61,0.0,0.0,,,0,0,0,133.0,-17.0,61.0,38,,,0.0,0.0,0.0,122.0,-22.0,83.0,0,0.0,0.0,83,-5,152,0,0,172,22,94
2020-05-10,0.0,0,0,0,0.0,0.0,83,0,0.0,0.0,0.0,89.0,-11.0,28.0,0.0,0.0,,0,0,0,183,61,106,0.0,0.0,,,0,0,0,178.0,50.0,50.0,53,,,13.0,0.0,0.0,,28.0,33.0,33,0.0,0.0,161,6,0,0,0,189,33,56
2020-05-11,25.0,0,0,0,0.0,0.0,122,-16,5.0,0.0,0.0,61.0,17.0,28.0,0.0,0.0,,0,0,0,222,67,83,0.0,0.0,,,0,0,0,122.0,39.0,56.0,0,,,0.0,0.0,0.0,83.0,22.0,61.0,18,0.0,0.0,67,22,0,0,0,233,56,56
2020-05-12,0.0,0,0,0,0.0,0.0,122,-16,3.0,0.0,0.0,83.0,-39.0,-22.0,0.0,,,38,0,0,144,83,83,41.0,,,,0,0,0,133.0,56.0,56.0,0,,,0.0,0.0,0.0,156.0,6.0,67.0,0,0.0,0.0,144,0,0,0,0,183,56,94
2020-05-13,0.0,0,0,23,0.0,0.0,122,67,0.0,0.0,0.0,100.0,-44.0,-22.0,0.0,,,132,0,0,117,83,117,0.0,0.0,,,0,0,0,161.0,44.0,61.0,28,,,0.0,0.0,0.0,178.0,33.0,128.0,0,0.0,0.0,178,17,89,0,0,133,89,128
2020-05-14,89.0,0,0,0,0.0,0.0,211,33,0.0,0.0,0.0,139.0,-22.0,78.0,0.0,,,0,0,0,239,117,183,8.0,,,,56,0,0,172.0,61.0,167.0,18,,,142.0,0.0,0.0,,117.0,,74,0.0,0.0,228,78,0,0,0,283,122,167
2020-05-15,508.0,0,0,0,0.0,0.0,217,11,130.0,0.0,0.0,167.0,72.0,128.0,320.0,,,0,0,0,256,183,200,244.0,,,,625,0,0,233.0,144.0,144.0,0,,,140.0,0.0,0.0,,150.0,150.0,119,0.0,0.0,239,150,0,0,0,278,167,178
2020-05-16,13.0,0,0,36,0.0,0.0,156,100,28.0,0.0,0.0,200.0,56.0,61.0,0.0,0.0,,15,0,0,233,172,200,0.0,0.0,,,0,0,0,228.0,139.0,144.0,0,,,0.0,0.0,0.0,256.0,128.0,194.0,0,0.0,0.0,239,122,0,0,0,283,178,194
2020-05-17,56.0,0,0,0,0.0,0.0,217,83,0.0,0.0,0.0,150.0,61.0,94.0,51.0,,,318,0,0,244,189,189,0.0,0.0,,,142,0,0,228.0,139.0,139.0,0,,,64.0,0.0,0.0,,172.0,,0,0.0,0.0,267,150,13,0,0,294,194,206
2020-05-18,262.0,0,0,0,0.0,0.0,228,56,218.0,0.0,0.0,144.0,94.0,100.0,3.0,,,0,0,0,250,139,139,0.0,0.0,,,13,0,0,161.0,106.0,117.0,0,,,447.0,0.0,0.0,,156.0,156.0,224,0.0,0.0,239,178,216,0,0,289,156,161
2020-05-19,114.0,0,0,0,0.0,0.0,222,83,267.0,0.0,0.0,117.0,94.0,111.0,0.0,0.0,,0,0,0,194,139,144,0.0,0.0,,,3,0,0,144.0,111.0,111.0,0,,,94.0,0.0,0.0,,133.0,239.0,84,0.0,0.0,211,133,0,0,0,244,117,133
2020-05-20,0.0,0,0,0,0.0,0.0,211,128,0.0,0.0,0.0,156.0,83.0,117.0,5.0,,,0,0,0,206,144,161,0.0,0.0,,,5,0,0,161.0,106.0,133.0,0,,,0.0,0.0,0.0,244.0,111.0,122.0,0,0.0,0.0,200,122,0,0,0,211,128,139
2020-05-21,0.0,0,0,0,0.0,0.0,217,139,0.0,0.0,0.0,200.0,61.0,78.0,0.0,,,0,0,0,217,161,189,0.0,0.0,,,3,0,0,161.0,122.0,122.0,0,,,0.0,0.0,0.0,167.0,111.0,150.0,0,0.0,0.0,239,117,0,0,0,233,128,139
2020-05-22,0.0,0,0,0,0.0,0.0,261,144,0.0,0.0,0.0,228.0,78.0,128.0,0.0,0.0,,0,0,0,233,183,183,0.0,,,,0,0,0,156.0,122.0,150.0,10,,,0.0,0.0,0.0,228.0,144.0,150.0,99,0.0,0.0,200,144,0,0,0,272,139,183
2020-05-23,0.0,0,0,0,0.0,0.0,272,122,0.0,0.0,0.0,256.0,128.0,150.0,0.0,0.0,,211,0,0,228,178,189,262.0,,,,155,0,0,217.0,150.0,172.0,0,,,0.0,0.0,0.0,,139.0,194.0,0,0.0,0.0,250,122,18,0,0,306,178,194
2020-05-24,5.0,0,0,36,0.0,0.0,228,156,0.0,0.0,0.0,256.0,150.0,172.0,0.0,0.0,,0,0,0,278,189,200,0.0,0.0,,,0,0,0,244.0,150.0,183.0,0,,,0.0,0.0,0.0,311.0,183.0,228.0,0,0.0,0.0,294,178,0,0,0,322,183,183
2020-05-25,0.0,0,0,0,0.0,0.0,206,144,5.0,0.0,0.0,294.0,139.0,150.0,10.0,,,0,0,0,294,200,211,13.0,,,,170,0,0,244.0,183.0,183.0,97,,,0.0,0.0,0.0,311.0,194.0,239.0,0,0.0,0.0,322,189,0,0,0,294,183,250
2020-05-26,46.0,0,0,0,0.0,0.0,261,122,0.0,0.0,0.0,311.0,150.0,200.0,15.0,,,0,0,0,311,211,222,152.0,,,,33,0,0,283.0,172.0,211.0,0,,,0.0,0.0,0.0,306.0,194.0,217.0,0,0.0,0.0,317,194,0,0,0,322,206,211
2020-05-27,0.0,0,0,0,0.0,0.0,306,117,,0.0,0.0,,,,25.0,,,211,0,0,267,200,206,203.0,,,,0,0,0,278.0,167.0,172.0,0,,,79.0,0.0,0.0,,206.0,206.0,0,0.0,0.0,289,200,137,0,0,261,194,194
2020-05-28,13.0,0,0,0,0.0,0.0,239,106,8.0,0.0,0.0,306.0,200.0,206.0,119.0,,,191,0,0,267,178,189,86.0,,,,25,0,0,256.0,172.0,200.0,0,,,259.0,0.0,0.0,,200.0,,114,0.0,0.0,267,189,38,0,0,278,172,183
2020-05-29,64.0,0,0,0,0.0,0.0,217,56,25.0,0.0,0.0,272.0,183.0,183.0,8.0,,,69,0,0,256,172,172,51.0,,,,351,0,0,206.0,122.0,128.0,0,,,15.0,0.0,0.0,,167.0,167.0,132,0.0,0.0,256,122,38,0,0,283,167,178
2020-05-30,0.0,0,0,0,0.0,0.0,217,106,132.0,0.0,0.0,194.0,111.0,117.0,0.0,0.0,,0,0,0,272,150,150,0.0,0.0,,,0,0,0,217.0,106.0,139.0,0,,,0.0,0.0,0.0,217.0,128.0,172.0,0,0.0,0.0,206,106,0,0,0,278,133,139
2020-05-31,0.0,0,0,0,0.0,0.0,278,94,0.0,0.0,0.0,194.0,44.0,67.0,0.0,0.0,,0,0,0,261,150,183,0.0,,,,0,0,0,228.0,139.0,144.0,0,,,0.0,0.0,0.0,206.0,111.0,122.0,0,0.0,0.0,161,67,0,0,0,278,128,172
2020-06-01,0.0,0,0,0,0.0,0.0,367,194,0.0,0.0,0.0,172.0,67.0,106.0,0.0,0.0,,0,0,0,272,167,172,0.0,0.0,,,0,0,0,233.0,139.0,183.0,0,,,0.0,0.0,0.0,233.0,78.0,200.0,3,0.0,0.0,222,61,0,0,0,278,128,139
2020-06-02,3.0,0,0,3,0.0,0.0,306,161,84.0,0.0,0.0,239.0,106.0,144.0,0.0,0.0,,0,0,0,283,172,172,0.0,0.0,,,0,0,0,278.0,183.0,211.0,0,,,0.0,0.0,0.0,306.0,172.0,222.0,8,0.0,0.0,300,139,0,0,0,294,139,144
2020-06-03,0.0,0,0,0,0.0,0.0,306,89,18.0,0.0,0.0,306.0,144.0,189.0,0.0,0.0,,0,0,0,306,172,222,0.0,0.0,,,0,0,0,311.0,211.0,228.0,0,,,30.0,0.0,0.0,,211.0,,0,0.0,0.0,294,194,0,0,0,317,144,200
2020-06-04,20.0,0,0,201,0.0,0.0,294,133,0.0,0.0,0.0,283.0,161.0,172.0,310.0,,,8,0,0,300,217,222,132.0,,,,8,0,0,294.0,200.0,211.0,0,,,41.0,0.0,0.0,,217.0,222.0,165,0.0,0.0,261,178,81,0,0,322,194,206
2020-06-05,13.0,0,0,0,0.0,0.0,272,128,0.0,0.0,0.0,261.0,133.0,144.0,3.0,,,0,0,0,294,222,228,97.0,,,,86,0,0,306.0,189.0,194.0,0,,,0.0,0.0,0.0,,178.0,228.0,8,0.0,0.0,283,194,643,0,0,278,200,211
2020-06-06,0.0,0,0,23,0.0,0.0,250,150,0.0,0.0,0.0,278.0,117.0,117.0,20.0,0.0,,0,0,0,333,206,211,0.0,0.0,,,0,0,0,317.0,194.0,206.0,0,,,0.0,0.0,0.0,,189.0,194.0,0,0.0,0.0,283,161,79,0,0,322,172,222
2020-06-07,0.0,0,0,142,0.0,0.0,350,189,0.0,0.0,0.0,228.0,100.0,106.0,0.0,0.0,,0,0,0,322,211,256,0.0,0.0,,,0,0,0,294.0,189.0,189.0,8,,,0.0,0.0,0.0,278.0,144.0,189.0,0,0.0,0.0,256,122,0,0,0,328,222,261
2020-06-08,0.0,0,0,48,0.0,0.0,306,194,0.0,0.0,0.0,178.0,89.0,111.0,0.0,0.0,,0,0,0,339,233,239,0.0,0.0,,,0,0,0,306.0,189.0,222.0,51,,,0.0,0.0,0.0,300.0,167.0,233.0,0,0.0,0.0,278,117,0,0,0,339,233,233
2020-06-09,0.0,0,0,264,0.0,0.0,194,133,0.0,0.0,0.0,283.0,111.0,178.0,348.0,,,305,0,0,283,228,228,0.0,0.0,,,8,0,0,306.0,189.0,189.0,0,,,0.0,0.0,0.0,,217.0,256.0,0,0.0,0.0,322,167,140,0,0,283,189,189
2020-06-10,157.0,0,0,0,0.0,0.0,244,117,5.0,0.0,0.0,306.0,178.0,256.0,325.0,,,36,0,0,306,194,194,0.0,0.0,,,587,0,0,222.0,167.0,167.0,0,,,0.0,0.0,0.0,311.0,183.0,194.0,157,0.0,0.0,311,200,643,0,0,306,189,228
2020-06-11,13.0,0,0,0,0.0,0.0,272,106,259.0,0.0,0.0,322.0,133.0,150.0,10.0,,,0,0,0,228,156,156,0.0,0.0,,,104,0,0,222.0,133.0,139.0,20,,,0.0,0.0,0.0,,161.0,167.0,0,0.0,0.0,250,156,0,0,0,261,139,144
2020-06-12,0.0,0,0,0,0.0,0.0,294,122,13.0,0.0,0.0,233.0,94.0,100.0,0.0,0.0,,0,0,0,283,156,172,0.0,0.0,,,0,0,0,283.0,139.0,144.0,0,,,0.0,0.0,0.0,283.0,128.0,178.0,0,0.0,0.0,239,144,0,0,0,289,133,144
2020-06-13,0.0,0,0,0,0.0,0.0,311,161,0.0,0.0,0.0,167.0,72.0,83.0,0.0,0.0,,0,0,0,300,172,211,0.0,0.0,,,0,0,0,294.0,144.0,156.0,0,,,5.0,0.0,0.0,339.0,144.0,156.0,36,0.0,0.0,211,106,0,0,0,306,133,161
2020-06-14,3.0,0,0,0,0.0,0.0,328,178,0.0,0.0,0.0,156.0,56.0,56.0,0.0,0.0,,0,0,0,311,211,222,0.0,0.0,,,0,0,0,250.0,133.0,139.0,0,,,0.0,0.0,0.0,228.0,111.0,161.0,0,0.0,0.0,228,94,0,0,0,317,161,256
2020-06-15,0.0,0,0,0,0.0,0.0,322,200,0.0,0.0,0.0,194.0,56.0,117.0,0.0,0.0,,0,0,0,317,200,217,0.0,0.0,,,0,0,0,250.0,139.0,183.0,0,,,0.0,0.0,0.0,256.0,106.0,156.0,0,0.0,0.0,250,133,0,0,0,322,172,178
2020-06-16,0.0,0,0,0,0.0,0.0,350,206,0.0,0.0,0.0,228.0,100.0,133.0,0.0,0.0,,0,0,0,289,167,167,0.0,0.0,,,0,0,0,267.0,172.0,189.0,0,,,0.0,0.0,0.0,278.0,128.0,183.0,0,0.0,0.0,272,133,0,0,0,289,139,144
2020-06-17,0.0,0,0,84,0.0,0.0,350,211,0.0,0.0,0.0,261.0,100.0,117.0,0.0,0.0,,0,0,0,278,167,189,,,,,0,0,0,272.0,150.0,194.0,0,,,0.0,0.0,0.0,283.0,144.0,183.0,0,0.0,0.0,278,144,0,0,0,289,144,161
2020-06-18,0.0,0,0,132,0.0,0.0,256,161,0.0,0.0,0.0,278.0,117.0,139.0,0.0,0.0,,0,0,0,294,189,206,0.0,0.0,,,0,0,0,278.0,178.0,189.0,0,,,0.0,0.0,0.0,294.0,144.0,211.0,56,0.0,0.0,283,172,0,0,0,300,161,167
2020-06-19,0.0,0,0,0,0.0,0.0,250,111,0.0,0.0,0.0,294.0,139.0,189.0,0.0,0.0,,0,0,0,317,200,200,20.0,,,,0,0,0,283.0,189.0,211.0,0,,,0.0,0.0,0.0,322.0,161.0,228.0,0,0.0,0.0,278,178,0,0,0,306,167,172
2020-06-20,0.0,0,0,8,0.0,0.0,256,167,0.0,0.0,0.0,311.0,189.0,211.0,46.0,,,0,0,0,317,200,222,25.0,,,,33,0,0,261.0,189.0,194.0,5,,,0.0,0.0,0.0,328.0,194.0,239.0,0,0.0,0.0,311,167,0,0,0,328,172,283
2020-06-21,46.0,0,0,0,0.0,0.0,228,144,5.0,0.0,0.0,328.0,206.0,228.0,33.0,0.0,,160,0,0,322,194,200,0.0,0.0,,,0,0,0,283.0,194.0,217.0,5,,,76.0,0.0,0.0,,194.0,194.0,79,0.0,0.0,322,194,183,0,0,333,200,222
2020-06-22,0.0,0,0,0,0.0,0.0,244,128,0.0,0.0,0.0,300.0,172.0,189.0,0.0,0.0,,0,0,0,289,200,217,0.0,0.0,,,180,0,0,300.0,183.0,183.0,0,,,152.0,0.0,0.0,328.0,189.0,233.0,185,0.0,0.0,256,200,0,0,0,306,200,211
2020-06-23,51.0,0,0,0,0.0,0.0,261,117,38.0,0.0,0.0,289.0,189.0,194.0,0.0,0.0,,0,0,0,267,217,217,0.0,0.0,,,30,0,0,239.0,150.0,172.0,0,,,160.0,0.0,0.0,244.0,183.0,189.0,43,0.0,0.0,272,172,191,0,0,283,206,233
2020-06-24,0.0,0,0,0,0.0,0.0,311,111,3.0,0.0,0.0,250.0,,144.0,0.0,0.0,,0,0,0,289,200,200,0.0,0.0,,,0,0,0,244.0,139.0,172.0,0,,,0.0,0.0,0.0,256.0,150.0,172.0,0,0.0,0.0,239,144,25,0,0,306,200,200
2020-06-25,0.0,0,0,0,0.0,0.0,300,150,0.0,0.0,0.0,228.0,117.0,144.0,0.0,0.0,,0,0,0,283,189,194,0.0,0.0,,,0,0,0,267.0,167.0,183.0,0,,,0.0,0.0,0.0,278.0,144.0,189.0,13,0.0,0.0,267,144,0,0,0,300,194,211
2020-06-26,0.0,0,0,0,0.0,0.0,311,178,0.0,0.0,0.0,267.0,144.0,156.0,0.0,0.0,,0,0,0,311,194,233,0.0,0.0,,,8,0,0,283.0,183.0,228.0,0,,,0.0,0.0,0.0,311.0,172.0,256.0,3,0.0,0.0,289,167,0,0,0,317,206,211
2020-06-27,157.0,0,0,0,0.0,0.0,322,133,8.0,0.0,0.0,294.0,156.0,206.0,0.0,0.0,,0,0,0,289,222,222,445.0,,,,582,0,0,300.0,200.0,200.0,0,,,376.0,0.0,0.0,289.0,206.0,222.0,5,0.0,0.0,272,222,0,0,0,261,206,228
2020-06-28,8.0,0,0,46,0.0,0.0,317,222,0.0,0.0,0.0,289.0,144.0,167.0,69.0,,,0,0,0,311,222,244,0.0,,,,0,0,0,283.0,200.0,211.0,0,,,102.0,0.0,0.0,289.0,206.0,217.0,0,0.0,0.0,294,183,0,0,0,317,228,250
2020-06-29,0.0,0,0,13,0.0,0.0,317,211,0.0,0.0,0.0,278.0,139.0,172.0,0.0,0.0,,0,0,0,322,233,239,0.0,0.0,,,13,0,0,289.0,206.0,250.0,30,,,0.0,0.0,0.0,311.0,200.0,228.0,0,0.0,0.0,306,167,0,0,0,328,228,228
2020-06-30,0.0,0,0,163,0.0,0.0,328,189,0.0,0.0,0.0,306.0,144.0,167.0,0.0,0.0,,13,0,0,278,239,239,0.0,0.0,,,0,0,0,306.0,222.0,222.0,0,,,185.0,0.0,0.0,356.0,211.0,272.0,0,0.0,0.0,311,167,15,0,0,328,228,239
2020-07-01,0.0,0,0,51,0.0,0.0,306,178,0.0,0.0,0.0,300.0,161.0,172.0,10.0,,,0,0,0,322,239,250,3.0,,,,89,0,0,261.0,206.0,206.0,701,,,0.0,0.0,0.0,,211.0,228.0,0,0.0,0.0,300,167,18,0,0,322,211,217
2020-07-02,0.0,0,0,0,0.0,0.0,322,183,0.0,0.0,0.0,306.0,150.0,167.0,51.0,,,48,0,0,300,217,217,0.0,0.0,,,0,0,0,261.0,194.0,200.0,0,,,0.0,0.0,0.0,306.0,183.0,211.0,0,0.0,0.0,322,178,312,0,0,311,200,211
2020-07-03,0.0,0,0,18,0.0,0.0,339,194,0.0,0.0,0.0,333.0,167.0,217.0,0.0,0.0,,0,0,0,311,217,228,8.0,,,,0,0,0,300.0,194.0,222.0,0,,,0.0,0.0,0.0,317.0,189.0,228.0,0,0.0,0.0,333,178,0,0,0,317,211,289
2020-07-04,0.0,0,0,3,0.0,0.0,333,206,0.0,0.0,0.0,317.0,194.0,206.0,79.0,,,0,0,0,322,228,233,0.0,0.0,,,0,0,0,300.0,194.0,222.0,81,,,0.0,0.0,0.0,322.0,200.0,244.0,0,0.0,0.0,333,200,0,0,0,344,222,294
2020-07-05,0.0,0,0,30,0.0,0.0,306,200,0.0,0.0,0.0,311.0,139.0,161.0,0.0,0.0,,0,0,0,317,228,233,0.0,0.0,,,0,0,0,300.0,189.0,228.0,3,,,0.0,0.0,0.0,311.0,206.0,233.0,0,0.0,0.0,328,167,0,0,0,322,239,322
2020-07-06,0.0,0,0,8,0.0,0.0,311,194,0.0,0.0,0.0,328.0,161.0,194.0,0.0,0.0,,0,0,0,328,222,244,0.0,0.0,,,0,0,0,306.0,200.0,244.0,213,,,198.0,0.0,0.0,,206.0,239.0,0,0.0,0.0,344,183,0,0,0,333,217,217
2020-07-07,0.0,0,0,8,0.0,0.0,306,189,0.0,0.0,0.0,333.0,194.0,244.0,0.0,0.0,,0,0,0,328,233,233,0.0,0.0,,,0,0,0,311.0,228.0,233.0,0,,,0.0,0.0,0.0,311.0,211.0,233.0,0,0.0,0.0,344,211,0,0,0,333,211,211
2020-07-08,3.0,0,0,25,0.0,0.0,317,189,3.0,0.0,0.0,344.0,211.0,217.0,0.0,0.0,,0,0,0,333,233,233,0.0,0.0,,,0,0,0,322.0,233.0,256.0,318,,,61.0,0.0,0.0,333.0,206.0,261.0,25,0.0,0.0,339,194,0,0,0,328,211,217
2020-07-09,13.0,0,0,0,0.0,0.0,311,167,0.0,0.0,0.0,328.0,217.0,239.0,0.0,0.0,,0,0,0,322,233,244,254.0,,,,0,0,0,317.0,228.0,250.0,0,,,0.0,0.0,0.0,328.0,244.0,256.0,0,0.0,0.0,344,217,13,0,0,322,217,217
2020-07-10,127.0,0,0,0,0.0,0.0,322,144,81.0,0.0,0.0,344.0,211.0,228.0,0.0,0.0,,0,0,0,322,217,217,0.0,0.0,,,0,0,0,306.0,178.0,194.0,0,,,0.0,0.0,0.0,328.0,222.0,228.0,3,0.0,0.0,339,228,0,0,0,333,217,228
2020-07-11,0.0,0,0,0,0.0,0.0,283,172,307.0,0.0,0.0,300.0,183.0,183.0,0.0,0.0,,0,0,0,333,217,233,0.0,0.0,,,0,0,0,317.0,194.0,244.0,0,,,53.0,0.0,0.0,289.0,189.0,211.0,41,0.0,0.0,289,200,0,0,0,333,228,267
2020-07-12,140.0,0,0,0,0.0,0.0,306,139,0.0,0.0,0.0,289.0,167.0,172.0,0.0,0.0,,0,0,0,344,233,267,224.0,,,,0,0,0,317.0,178.0,194.0,0,,,0.0,0.0,0.0,256.0,194.0,194.0,0,0.0,0.0,283,183,0,0,0,350,256,283
2020-07-13,0.0,0,0,0,0.0,0.0,317,200,0.0,0.0,0.0,239.0,156.0,178.0,0.0,0.0,,0,0,0,333,206,217,0.0,0.0,,,0,0,0,283.0,172.0,189.0,0,,,0.0,0.0,0.0,272.0,144.0,178.0,43,0.0,0.0,272,172,91,0,0,306,200,200
2020-07-14,0.0,0,0,28,0.0,0.0,272,156,0.0,0.0,0.0,256.0,139.0,150.0,0.0,0.0,,0,0,0,322,211,217,0.0,,,,0,0,0,294.0,183.0,206.0,0,,,0.0,0.0,0.0,294.0,144.0,200.0,0,0.0,0.0,300,144,0,0,0,322,200,206
2020-07-15,0.0,0,0,0,0.0,0.0,294,117,0.0,0.0,0.0,289.0,144.0,200.0,0.0,0.0,,0,0,0,333,217,256,8.0,,,,513,0,0,300.0,189.0,206.0,0,,,0.0,0.0,0.0,300.0,178.0,261.0,0,0.0,0.0,317,178,0,0,0,339,206,222
2020-07-16,180.0,0,0,66,0.0,0.0,322,172,30.0,0.0,0.0,306.0,194.0,194.0,97.0,,,0,0,0,339,256,256,109.0,,,,152,0,0,239.0,172.0,183.0,0,,,0.0,0.0,0.0,261.0,206.0,206.0,8,0.0,0.0,328,233,0,0,0,356,222,233
2020-07-17,0.0,0,0,0,0.0,0.0,350,161,53.0,0.0,0.0,228.0,167.0,183.0,0.0,0.0,,0,0,0,322,239,244,0.0,0.0,,,0,0,0,278.0,183.0,217.0,0,,,0.0,0.0,0.0,306.0,178.0,217.0,0,0.0,0.0,322,211,173,0,0,344,228,239
2020-07-18,0.0,0,0,0,0.0,0.0,300,178,0.0,0.0,0.0,300.0,172.0,183.0,0.0,0.0,,0,0,0,322,233,239,0.0,0.0,,,0,0,0,317.0,217.0,250.0,455,,,0.0,0.0,0.0,317.0,178.0,261.0,0,0.0,0.0,339,206,0,0,0,344,222,283
2020-07-19,33.0,0,0,0,0.0,0.0,300,139,0.0,0.0,0.0,317.0,183.0,261.0,0.0,0.0,,0,0,0,333,239,283,,,,,28,0,0,317.0,244.0,244.0,0,,,97.0,0.0,0.0,306.0,239.0,256.0,0,0.0,0.0,344,233,0,0,0,350,222,278
2020-07-20,191.0,0,0,38,0.0,0.0,294,150,191.0,0.0,0.0,278.0,183.0,194.0,378.0,,,0,0,0,344,250,250,0.0,0.0,,,33,0,0,278.0,206.0,217.0,0,,,76.0,0.0,0.0,278.0,206.0,206.0,0,0.0,0.0,306,222,0,0,0,344,222,228
2020-07-21,0.0,0,0,0,0.0,0.0,272,150,0.0,0.0,0.0,267.0,144.0,167.0,163.0,,,0,0,0,350,250,256,414.0,,,,8,0,0,233.0,189.0,200.0,312,,,259.0,0.0,0.0,289.0,194.0,217.0,8,0.0,0.0,317,217,0,0,0,344,228,228
2020-07-22,56.0,0,0,0,0.0,0.0,278,144,53.0,0.0,0.0,233.0,167.0,206.0,89.0,,,0,0,0,339,244,244,25.0,,,,25,0,0,250.0,194.0,200.0,0,,,244.0,0.0,0.0,283.0,211.0,239.0,41,0.0,0.0,283,211,0,0,0,344,228,233
2020-07-23,0.0,0,0,0,0.0,0.0,322,194,3.0,0.0,0.0,256.0,183.0,183.0,0.0,0.0,,0,0,0,317,233,239,0.0,0.0,,,0,0,0,278.0,172.0,178.0,0,,,104.0,0.0,0.0,283.0,200.0,200.0,3,0.0,0.0,294,222,71,0,0,311,228,233
2020-07-24,0.0,0,0,0,0.0,0.0,350,244,0.0,0.0,0.0,244.0,139.0,150.0,0.0,0.0,,53,0,0,311,228,233,0.0,0.0,,,0,0,0,289.0,178.0,239.0,0,,,0.0,0.0,0.0,283.0,172.0,178.0,0,0.0,0.0,311,183,0,0,0,328,217,228
2020-07-25,0.0,0,0,155,0.0,0.0,344,211,0.0,0.0,0.0,267.0,139.0,144.0,,,,0,0,0,328,233,239,0.0,0.0,,,0,0,0,311.0,222.0,233.0,391,,,0.0,0.0,0.0,300.0,172.0,211.0,0,0.0,0.0,322,167,0,0,0,339,222,267
2020-07-26,0.0,0,0,10,0.0,0.0,294,172,0.0,0.0,0.0,294.0,139.0,206.0,,,,0,0,0,328,239,239,0.0,0.0,,,0,0,0,322.0,233.0,256.0,56,,,0.0,0.0,0.0,322.0,183.0,256.0,0,0.0,0.0,333,206,0,0,0,339,222,267
2020-07-27,475.0,0,0,0,0.0,0.0,311,139,3.0,0.0,0.0,328.0,206.0,239.0,,,,0,0,0,328,239,244,64.0,,,,25,0,0,322.0,217.0,222.0,0,,,300.0,0.0,0.0,322.0,222.0,233.0,279,0.0,0.0,350,222,0,0,0,344,217,217
2020-07-28,0.0,0,0,0,0.0,0.0,294,167,0.0,0.0,0.0,306.0,167.0,178.0,,,,0,0,0,333,233,233,79.0,,,,0,0,0,283.0,178.0,222.0,0,,,0.0,0.0,0.0,283.0,194.0,194.0,8,0.0,0.0,300,211,0,0,0,339,217,217
2020-07-29,0.0,0,0,0,0.0,0.0,283,161,10.0,0.0,0.0,289.0,178.0,178.0,,,,0,0,0,311,233,244,0.0,0.0,,,0,0,0,294.0,194.0,256.0,0,,,0.0,0.0,0.0,306.0,183.0,222.0,0,0.0,0.0,317,183,0,0,0,328,217,228
2020-07-30,0.0,0,0,0,0.0,0.0,294,150,3.0,0.0,0.0,283.0,150.0,156.0,,,,0,0,0,333,244,244,363.0,,,,0,0,0,306.0,206.0,206.0,0,,,61.0,0.0,0.0,239.0,206.0,211.0,0,0.0,0.0,283,206,206,0,0,339,222,244
2020-07-31,71.0,0,0,0,0.0,0.0,333,139,0.0,0.0,0.0,256.0,144.0,150.0,,,,30,0,0,339,222,222,251.0,,,,183,0,0,267.0,172.0,172.0,0,,,0.0,0.0,0.0,267.0,189.0,222.0,0,0.0,0.0,300,178,0,0,0,317,239,250
2020-08-01,5.0,0,0,0,0.0,0.0,283,167,0.0,0.0,0.0,267.0,150.0,167.0,0.0,0.0,,467,0,0,283,200,200,0.0,0.0,,,0,0,0,244.0,172.0,194.0,0,,,86.0,0.0,0.0,228.0,183.0,211.0,114,0.0,0.0,283,194,23,0,0,322,217,217
2020-08-02,5.0,0,0,0,0.0,0.0,267,139,18.0,0.0,0.0,289.0,167.0,200.0,335.0,,,0,0,0,267,200,200,0.0,0.0,,,0,0,0,278.0,172.0,183.0,0,,,0.0,0.0,0.0,267.0,172.0,211.0,25,0.0,0.0,239,183,0,0,0,261,167,239
2020-08-03,3.0,0,0,0,0.0,0.0,261,106,173.0,0.0,0.0,211.0,167.0,183.0,79.0,,,33,0,0,300,194,200,0.0,0.0,,,104,0,0,250.0,144.0,150.0,0,,,86.0,0.0,0.0,256.0,183.0,194.0,28,0.0,0.0,278,178,0,0,0,311,183,189
2020-08-04,0.0,0,0,0,0.0,0.0,272,100,152.0,0.0,0.0,233.0,156.0,172.0,0.0,0.0,,0,0,0,294,189,189,0.0,0.0,,,0,0,0,217.0,100.0,128.0,0,,,0.0,0.0,0.0,228.0,150.0,150.0,64,0.0,0.0,244,161,0,0,0,317,189,200
2020-08-05,0.0,0,0,3,0.0,0.0,239,144,30.0,0.0,0.0,194.0,117.0,128.0,0.0,0.0,,0,0,0,261,161,167,0.0,0.0,,,0,0,0,228.0,128.0,156.0,0,,,0.0,0.0,0.0,228.0,106.0,144.0,0,0.0,0.0,250,133,0,0,0,289,156,161
2020-08-06,0.0,0,0,0,0.0,0.0,294,128,0.0,0.0,0.0,228.0,100.0,106.0,0.0,0.0,,0,0,0,267,161,172,0.0,0.0,,,5,0,0,233.0,156.0,161.0,0,,,0.0,0.0,0.0,239.0,128.0,150.0,0,0.0,0.0,272,144,0,0,0,289,161,161
2020-08-07,0.0,0,0,0,0.0,0.0,317,200,0.0,0.0,0.0,250.0,106.0,122.0,0.0,0.0,,0,0,0,278,172,233,0.0,0.0,,,5,0,0,233.0,161.0,183.0,0,,,0.0,0.0,0.0,256.0,128.0,156.0,0,0.0,0.0,283,161,0,0,0,300,156,172
2020-08-08,0.0,0,0,0,0.0,0.0,328,211,0.0,0.0,0.0,256.0,106.0,156.0,0.0,0.0,,0,0,0,300,206,211,84.0,,,,0,0,0,283.0,183.0,233.0,0,,,0.0,0.0,0.0,283.0,133.0,206.0,0,0.0,0.0,289,150,0,0,0,322,172,272
2020-08-09,0.0,0,0,0,0.0,0.0,344,156,0.0,0.0,0.0,278.0,156.0,211.0,5.0,,,0,0,0,328,211,250,13.0,,,,0,0,0,300.0,222.0,222.0,0,,,0.0,0.0,0.0,300.0,178.0,239.0,0,0.0,0.0,311,172,0,0,0,350,217,272
2020-08-10,0.0,0,0,0,0.0,0.0,300,144,0.0,0.0,0.0,311.0,211.0,233.0,0.0,0.0,,0,0,0,339,239,250,30.0,,,,0,0,0,317.0,217.0,217.0,0,,,46.0,0.0,0.0,300.0,206.0,211.0,0,0.0,0.0,328,200,0,0,0,361,233,250
2020-08-11,84.0,0,0,3,0.0,0.0,294,139,3.0,0.0,0.0,317.0,211.0,217.0,234.0,,,0,0,0,344,228,228,0.0,0.0,,,66,0,0,300.0,150.0,172.0,0,,,0.0,0.0,0.0,261.0,200.0,200.0,0,0.0,0.0,311,211,0,0,0,356,222,228
2020-08-12,0.0,0,0,124,0.0,0.0,311,178,0.0,0.0,0.0,272.0,133.0,144.0,0.0,0.0,,36,0,0,300,217,222,0.0,0.0,,,0,0,0,261.0,172.0,178.0,0,,,0.0,0.0,0.0,283.0,172.0,183.0,0,0.0,0.0,289,189,170,0,0,361,211,217
2020-08-13,0.0,0,0,0,0.0,0.0,333,222,0.0,0.0,0.0,306.0,144.0,161.0,0.0,0.0,,119,0,0,261,222,228,0.0,0.0,,,0,0,0,294.0,178.0,206.0,0,,,0.0,0.0,0.0,289.0,161.0,217.0,0,0.0,0.0,328,178,0,0,0,328,211,222
2020-08-14,0.0,0,0,0,0.0,0.0,272,133,0.0,0.0,0.0,306.0,161.0,172.0,0.0,0.0,,0,0,0,289,222,228,0.0,0.0,,,0,0,0,300.0,189.0,206.0,0,,,0.0,0.0,0.0,283.0,189.0,222.0,0,0.0,0.0,322,222,170,0,0,306,211,217
2020-08-15,0.0,0,0,0,0.0,0.0,328,106,0.0,0.0,0.0,300.0,167.0,178.0,0.0,0.0,,0,0,0,300,222,222,0.0,0.0,,,0,0,0,300.0,206.0,211.0,58,,,0.0,0.0,0.0,294.0,178.0,211.0,0,0.0,0.0,272,183,0,0,0,306,211,244
2020-08-16,5.0,0,0,0,0.0,0.0,311,117,584.0,0.0,0.0,289.0,172.0,178.0,0.0,0.0,,0,0,0,333,222,239,0.0,0.0,,,0,0,0,267.0,139.0,156.0,0,,,0.0,0.0,0.0,278.0,183.0,189.0,56,0.0,0.0,256,161,0,0,0,328,206,283
2020-08-17,0.0,0,0,0,0.0,0.0,311,122,3.0,0.0,0.0,289.0,144.0,150.0,0.0,0.0,,0,0,0,306,178,206,5.0,,,,0,0,0,300.0,156.0,200.0,0,,,0.0,0.0,0.0,267.0,161.0,189.0,25,0.0,0.0,267,139,0,0,0,322,172,172
2020-08-18,0.0,0,0,0,0.0,0.0,317,150,0.0,0.0,0.0,256.0,128.0,139.0,0.0,0.0,,0,0,0,322,200,200,0.0,0.0,,,0,0,0,272.0,128.0,144.0,0,,,315.0,0.0,0.0,250.0,150.0,150.0,0,0.0,0.0,267,144,0,0,0,328,172,183
2020-08-19,0.0,0,0,0,0.0,0.0,311,183,0.0,0.0,0.0,217.0,106.0,111.0,0.0,0.0,,0,0,0,300,189,189,0.0,0.0,,,0,0,0,250.0,111.0,122.0,0,,,0.0,0.0,0.0,256.0,117.0,161.0,0,0.0,0.0,256,133,0,0,0,317,183,206
2020-08-20,0.0,0,0,0,0.0,0.0,322,183,3.0,0.0,0.0,228.0,111.0,156.0,0.0,0.0,,0,0,0,278,178,178,0.0,0.0,,,0,0,0,272.0,122.0,156.0,0,,,0.0,0.0,0.0,261.0,128.0,161.0,0,0.0,0.0,283,117,0,0,0,250,178,178
2020-08-21,0.0,0,0,0,0.0,0.0,322,172,0.0,0.0,0.0,283.0,156.0,183.0,0.0,0.0,,0,0,0,289,167,189,0.0,0.0,,,0,0,0,283.0,144.0,172.0,0,,,0.0,0.0,0.0,283.0,128.0,178.0,0,0.0,0.0,306,144,0,0,0,322,178,211
2020-08-22,0.0,0,0,0,0.0,0.0,356,161,0.0,0.0,0.0,294.0,183.0,194.0,0.0,0.0,,0,0,0,300,189,200,0.0,0.0,,,0,0,0,300.0,172.0,172.0,0,,,0.0,0.0,0.0,289.0,128.0,200.0,13,0.0,0.0,333,167,25,0,0,272,189,222
2020-08-23,0.0,0,0,0,0.0,0.0,344,161,0.0,0.0,0.0,306.0,189.0,200.0,0.0,0.0,,0,0,0,311,194,200,0.0,0.0,,,0,0,0,300.0,172.0,222.0,0,,,0.0,0.0,0.0,300.0,172.0,228.0,8,0.0,0.0,311,206,0,0,0,311,178,261
2020-08-24,0.0,0,0,0,0.0,0.0,294,200,0.0,0.0,0.0,300.0,178.0,178.0,0.0,0.0,,0,0,0,339,200,228,0.0,0.0,,,0,0,0,344.0,222.0,239.0,114,,,89.0,0.0,0.0,311.0,211.0,239.0,3,0.0,0.0,322,200,0,0,0,328,183,183
2020-08-25,0.0,0,0,0,0.0,0.0,339,200,0.0,0.0,0.0,317.0,178.0,200.0,0.0,0.0,,0,0,0,339,217,217,0.0,0.0,,,0,0,0,339.0,222.0,233.0,0,,,0.0,0.0,0.0,311.0,228.0,228.0,0,0.0,0.0,333,172,0,0,0,339,183,222
2020-08-26,0.0,0,0,8,0.0,0.0,306,206,0.0,0.0,0.0,283.0,144.0,156.0,0.0,0.0,,0,0,0,328,211,244,0.0,0.0,,,0,0,0,333.0,217.0,228.0,0,,,0.0,0.0,0.0,317.0,211.0,244.0,84,0.0,0.0,306,167,241,0,0,333,217,222
2020-08-27,0.0,0,0,66,0.0,0.0,294,167,175.0,0.0,0.0,244.0,156.0,233.0,0.0,0.0,,15,0,0,300,222,228,0.0,0.0,,,0,0,0,339.0,228.0,239.0,0,,,0.0,0.0,0.0,289.0,244.0,244.0,102,0.0,0.0,322,222,13,0,0,317,222,239
2020-08-28,0.0,0,0,86,0.0,0.0,272,117,36.0,0.0,0.0,272.0,189.0,189.0,0.0,0.0,,889,0,0,267,211,217,0.0,0.0,,,0,0,0,328.0,200.0,228.0,43,,,0.0,0.0,0.0,289.0,228.0,239.0,480,0.0,0.0,283,206,0,0,0,300,239,250
2020-08-29,0.0,0,0,0,0.0,0.0,261,106,48.0,0.0,0.0,244.0,189.0,200.0,0.0,0.0,,51,0,0,272,211,228,38.0,,,,163,0,0,339.0,172.0,172.0,0,,,0.0,0.0,0.0,272.0,183.0,183.0,0,0.0,0.0,272,189,323,0,0,289,217,244
2020-08-30,0.0,0,0,13,0.0,0.0,278,139,10.0,0.0,0.0,239.0,144.0,150.0,20.0,,,432,0,0,311,206,211,193.0,,,,0,0,0,244.0,111.0,156.0,0,,,0.0,0.0,0.0,239.0,128.0,178.0,0,0.0,0.0,250,133,25,0,0,328,217,244
2020-08-31,0.0,0,0,0,0.0,0.0,261,106,0.0,0.0,0.0,211.0,117.0,122.0,0.0,0.0,,13,0,0,250,211,222,0.0,0.0,,,0,0,0,261.0,139.0,178.0,41,,,0.0,0.0,0.0,278.0,150.0,222.0,0,0.0,0.0,256,144,0,0,0,311,228,228
2020-09-01,3.0,0,0,0,0.0,0.0,283,128,0.0,0.0,0.0,250.0,117.0,189.0,163.0,,,142,0,0,283,217,217,81.0,,,,30,0,0,244.0,144.0,144.0,0,,,0.0,0.0,0.0,267.0,194.0,233.0,0,0.0,0.0,289,200,13,0,0,306,211,211
2020-09-02,18.0,0,0,0,0.0,0.0,306,94,18.0,0.0,0.0,267.0,183.0,206.0,145.0,,,457,0,0,261,217,222,0.0,0.0,,,25,0,0,211.0,144.0,156.0,0,,,3.0,0.0,0.0,244.0,200.0,200.0,94,0.0,0.0,289,200,0,0,0,322,211,250
2020-09-03,0.0,0,0,0,0.0,0.0,244,83,3.0,0.0,0.0,261.0,133.0,133.0,0.0,0.0,,373,0,0,250,217,217,0.0,0.0,,,0,0,0,311.0,156.0,211.0,0,,,0.0,0.0,0.0,289.0,178.0,244.0,0,0.0,0.0,272,183,216,0,0,322,222,239
2020-09-04,0.0,0,0,0,0.0,0.0,300,61,18.0,0.0,0.0,289.0,100.0,111.0,0.0,0.0,,0,0,0,272,217,233,0.0,0.0,,,0,0,0,256.0,106.0,106.0,0,,,0.0,0.0,0.0,244.0,122.0,139.0,0,0.0,0.0,244,150,0,0,0,311,211,217
2020-09-05,0.0,0,0,0,0.0,0.0,294,72,0.0,0.0,0.0,217.0,100.0,122.0,0.0,0.0,,0,0,0,256,172,172,0.0,0.0,,,0,0,0,272.0,106.0,161.0,0,,,0.0,0.0,0.0,278.0,117.0,161.0,0,0.0,0.0,267,117,0,0,0,300,167,194
2020-09-06,97.0,0,0,0,0.0,0.0,300,117,13.0,0.0,0.0,211.0,83.0,89.0,0.0,0.0,,0,0,0,289,172,200,0.0,0.0,,,0,0,0,306.0,161.0,217.0,0,,,0.0,0.0,0.0,261.0,128.0,206.0,0,0.0,0.0,256,133,0,0,0,306,167,272
2020-09-07,257.0,0,0,178,0.0,0.0,167,72,109.0,0.0,0.0,222.0,83.0,189.0,0.0,0.0,,0,0,0,300,194,194,0.0,0.0,,,0,0,0,311.0,156.0,161.0,0,,,0.0,0.0,0.0,267.0,200.0,222.0,427,0.0,0.0,217,183,0,0,0,328,172,289
2020-09-08,155.0,0,0,0,0.0,0.0,111,22,81.0,0.0,0.0,228.0,128.0,128.0,0.0,0.0,,0,0,0,311,194,206,0.0,0.0,,,198,0,0,250.0,106.0,106.0,0,,,0.0,0.0,0.0,311.0,206.0,239.0,0,0.0,0.0,300,183,0,0,0,333,178,178
2020-09-09,104.0,0,0,0,0.0,0.0,156,0,81.0,0.0,0.0,156.0,106.0,122.0,86.0,,,0,0,0,306,200,200,46.0,,,,43,0,0,111.0,83.0,89.0,0,,,0.0,0.0,0.0,306.0,178.0,200.0,0,0.0,0.0,311,189,0,0,0,322,172,194
2020-09-10,33.0,0,0,0,0.0,0.0,183,0,15.0,0.0,0.0,156.0,122.0,128.0,,,,0,0,0,311,200,206,236.0,,,,173,0,0,111.0,89.0,89.0,0,,,0.0,0.0,0.0,222.0,172.0,200.0,0,0.0,0.0,267,178,0,0,0,322,183,183
2020-09-11,102.0,0,0,127,0.0,0.0,144,39,0.0,0.0,0.0,156.0,100.0,111.0,,,,0,0,0,306,200,211,41.0,,,,229,0,0,128.0,89.0,122.0,0,,,0.0,0.0,0.0,250.0,161.0,189.0,0,0.0,0.0,222,139,0,0,0,328,183,189
2020-09-12,114.0,0,0,28,0.0,0.0,200,100,0.0,0.0,0.0,178.0,94.0,122.0,,,,0,0,0,311,206,206,0.0,0.0,,,140,0,0,172.0,122.0,156.0,0,,,0.0,0.0,0.0,289.0,183.0,228.0,0,0.0,0.0,289,133,0,0,0,339,189,222
2020-09-13,165.0,0,0,0,0.0,0.0,194,89,51.0,0.0,0.0,222.0,122.0,178.0,,,,0,0,0,311,206,217,0.0,0.0,,,10,0,0,211.0,100.0,144.0,0,,,0.0,0.0,0.0,261.0,172.0,172.0,48,0.0,0.0,261,172,523,0,0,300,211,239
2020-09-14,0.0,0,0,0,0.0,0.0,283,83,,0.0,0.0,,,,,,,0,0,0,272,178,189,0.0,0.0,,,0,0,0,228.0,100.0,122.0,0,,,0.0,0.0,0.0,233.0,122.0,156.0,0,0.0,0.0,211,106,0,0,0,283,206,222
2020-09-15,0.0,0,0,0,0.0,0.0,272,139,0.0,0.0,0.0,172.0,61.0,78.0,0.0,0.0,,0,0,0,278,167,172,0.0,0.0,,,0,0,0,250.0,122.0,144.0,0,,,0.0,0.0,0.0,239.0,106.0,128.0,0,0.0,0.0,211,89,0,0,0,289,183,189
2020-09-16,0.0,0,0,0,0.0,0.0,183,72,0.0,0.0,0.0,211.0,78.0,144.0,0.0,0.0,,0,0,0,278,167,189,0.0,0.0,,,0,0,0,267.0,144.0,167.0,0,,,0.0,0.0,0.0,,,,0,0.0,0.0,239,89,0,0,0,300,183,194
2020-09-17,0.0,0,0,0,0.0,0.0,200,61,0.0,0.0,0.0,256.0,89.0,89.0,0.0,0.0,,0,0,0,289,189,200,0.0,0.0,,,0,0,0,278.0,94.0,100.0,0,,,0.0,0.0,0.0,228.0,111.0,139.0,0,0.0,0.0,217,128,0,0,0,272,194,200
2020-09-18,0.0,0,0,0,0.0,0.0,217,39,0.0,0.0,0.0,172.0,56.0,72.0,0.0,0.0,,0,0,0,283,167,167,0.0,0.0,,,0,0,0,217.0,83.0,83.0,0,,,0.0,0.0,0.0,,,,0,0.0,0.0,183,78,0,0,0,294,178,178
2020-09-19,0.0,0,0,0,0.0,0.0,256,100,0.0,0.0,0.0,133.0,0.0,0.0,0.0,0.0,,0,0,0,239,117,117,0.0,0.0,,,0,0,0,194.0,78.0,78.0,0,,,0.0,0.0,0.0,178.0,83.0,83.0,0,0.0,0.0,178,33,0,0,0,261,144,144
2020-09-20,0.0,0,0,0,0.0,0.0,283,122,0.0,0.0,0.0,156.0,0.0,50.0,0.0,0.0,,0,0,0,222,106,128,0.0,0.0,,,0,0,0,189.0,78.0,78.0,0,,,0.0,0.0,0.0,194.0,33.0,83.0,0,0.0,0.0,194,44,0,0,0,261,144,211
2020-09-21,0.0,0,0,0,0.0,0.0,306,78,0.0,0.0,0.0,194.0,44.0,61.0,0.0,0.0,,0,0,0,250,122,133,0.0,0.0,,,0,0,0,217.0,72.0,161.0,0,,,0.0,0.0,0.0,228.0,61.0,106.0,0,0.0,0.0,194,72,0,0,0,267,128,128
2020-09-22,0.0,0,0,0,0.0,0.0,306,78,0.0,0.0,0.0,217.0,56.0,100.0,0.0,0.0,,0,0,0,256,133,161,0.0,0.0,,,0,0,0,239.0,117.0,139.0,0,,,0.0,0.0,0.0,239.0,61.0,111.0,0,0.0,0.0,217,67,0,0,0,256,128,144
2020-09-23,0.0,0,0,0,0.0,0.0,256,128,0.0,0.0,0.0,244.0,94.0,100.0,0.0,0.0,,69,0,0,178,150,156,0.0,0.0,,,0,0,0,250.0,133.0,133.0,0,,,0.0,0.0,0.0,244.0,106.0,156.0,0,0.0,0.0,256,100,25,0,0,222,144,156
2020-09-24,0.0,0,0,0,0.0,0.0,272,111,0.0,0.0,0.0,267.0,100.0,133.0,0.0,0.0,,84,0,0,161,139,139,0.0,0.0,,,0,0,0,250.0,133.0,161.0,0,,,0.0,0.0,0.0,,,,0,0.0,0.0,256,144,142,0,0,178,133,150
2020-09-25,0.0,0,0,0,0.0,0.0,289,94,0.0,0.0,0.0,244.0,111.0,111.0,0.0,0.0,,0,0,0,183,139,172,0.0,0.0,,,0,0,0,256.0,150.0,167.0,0,,,0.0,0.0,0.0,256.0,128.0,139.0,0,0.0,0.0,261,128,30,0,0,200,144,172
2020-09-26,0.0,0,0,0,0.0,0.0,256,117,0.0,0.0,0.0,267.0,111.0,156.0,0.0,0.0,,0,0,0,222,144,167,0.0,0.0,,,0,0,0,278.0,167.0,183.0,0,,,0.0,0.0,0.0,244.0,106.0,150.0,0,0.0,0.0,261,133,8,0,0,206,172,183
2020-09-27,0.0,0,0,58,0.0,0.0,161,78,0.0,0.0,0.0,267.0,150.0,189.0,0.0,0.0,,0,0,0,256,150,156,0.0,0.0,,,0,0,0,278.0,167.0,167.0,33,,,0.0,0.0,0.0,244.0,139.0,183.0,0,0.0,0.0,256,167,0,0,0,239,156,222
2020-09-28,122.0,0,0,0,0.0,0.0,144,61,0.0,0.0,0.0,256.0,161.0,161.0,188.0,,,152,0,0,278,133,139,180.0,,,,86,0,0,167.0,83.0,83.0,0,,,0.0,0.0,0.0,267.0,156.0,200.0,140,0.0,0.0,256,122,5,0,0,289,178,194
2020-09-29,0.0,0,0,0,0.0,0.0,239,72,142.0,0.0,0.0,161.0,106.0,106.0,0.0,0.0,,0,0,0,211,94,94,0.0,0.0,,,5,0,0,161.0,83.0,89.0,0,,,0.0,0.0,0.0,200.0,100.0,100.0,8,0.0,0.0,178,106,94,0,0,222,83,94
2020-09-30,0.0,0,0,0,0.0,0.0,194,83,,0.0,0.0,,,,0.0,0.0,,0,0,0,211,94,111,0.0,0.0,,,0,0,0,167.0,89.0,139.0,0,,,0.0,0.0,0.0,206.0,89.0,106.0,0,0.0,0.0,178,89,0,0,0,217,83,94
2020-10-01,0.0,0,0,0,0.0,0.0,133,44,53.0,0.0,0.0,156.0,67.0,67.0,0.0,0.0,,0,0,0,283,111,111,0.0,0.0,,,0,0,0,200.0,78.0,89.0,0,0.0,0.0,0.0,0.0,0.0,172.0,56.0,67.0,20,0.0,0.0,178,67,0,0,0,272,89,106
2020-10-02,0.0,0,0,0,0.0,0.0,128,11,132.0,0.0,0.0,150.0,61.0,78.0,0.0,0.0,,0,0,0,228,72,78,0.0,0.0,,,0,0,0,89.0,22.0,72.0,0,0.0,0.0,0.0,0.0,0.0,144.0,28.0,72.0,0,0.0,0.0,144,61,0,0,0,239,44,50
2020-10-03,0.0,0,0,0,0.0,0.0,150,39,64.0,0.0,0.0,117.0,56.0,61.0,0.0,0.0,,0,0,0,183,67,94,0.0,0.0,,,20,0,0,133.0,50.0,78.0,0,0.0,0.0,5.0,0.0,0.0,167.0,67.0,117.0,0,0.0,0.0,156,44,0,0,0,194,39,39
2020-10-04,71.0,0,0,0,0.0,0.0,200,-5,58.0,0.0,0.0,111.0,61.0,72.0,10.0,,,0,0,0,206,89,111,0.0,0.0,,,25,0,0,83.0,33.0,33.0,0,0.0,0.0,25.0,0.0,0.0,211.0,50.0,56.0,46,0.0,0.0,194,100,0,0,0,222,39,156
2020-10-05,0.0,0,0,0,0.0,0.0,256,56,25.0,0.0,0.0,111.0,67.0,67.0,0.0,0.0,,0,0,0,178,44,50,0.0,0.0,,,0,0,0,133.0,33.0,94.0,0,0.0,0.0,0.0,0.0,0.0,172.0,11.0,100.0,0,0.0,0.0,156,61,0,0,0,222,50,50
2020-10-06,0.0,0,0,0,0.0,0.0,294,50,0.0,0.0,0.0,144.0,56.0,83.0,0.0,0.0,,0,0,0,189,50,61,0.0,0.0,,,0,0,0,194.0,94.0,100.0,0,0.0,0.0,0.0,0.0,0.0,233.0,83.0,150.0,0,0.0,0.0,194,56,0,0,0,211,50,56
2020-10-07,0.0,0,0,0,0.0,0.0,228,78,18.0,0.0,0.0,189.0,83.0,128.0,0.0,0.0,,0,0,0,244,56,106,0.0,0.0,,,0,0,0,256.0,100.0,139.0,0,0.0,0.0,0.0,0.0,0.0,261.0,83.0,150.0,0,0.0,0.0,244,111,0,0,0,256,50,83
2020-10-08,0.0,0,0,0,0.0,0.0,239,33,0.0,0.0,0.0,183.0,44.0,50.0,0.0,0.0,,0,0,0,289,100,139,0.0,0.0,,,0,0,0,267.0,89.0,139.0,0,0.0,0.0,0.0,0.0,0.0,244.0,67.0,117.0,0,0.0,0.0,200,67,0,0,0,289,78,117
2020-10-09,0.0,0,0,0,0.0,0.0,300,56,0.0,0.0,0.0,178.0,33.0,39.0,0.0,0.0,,0,0,0,250,139,161,0.0,0.0,,,0,0,0,233.0,106.0,167.0,0,0.0,0.0,0.0,0.0,0.0,278.0,83.0,200.0,0,0.0,0.0,239,72,0,0,0,278,117,178
2020-10-10,0.0,0,0,0,0.0,0.0,222,17,0.0,0.0,0.0,228.0,39.0,194.0,0.0,0.0,,0,0,0,233,161,183,0.0,0.0,,,0,0,0,278.0,156.0,194.0,0,0.0,0.0,0.0,0.0,0.0,256.0,161.0,189.0,0,0.0,0.0,244,144,119,0,0,206,178,189
2020-10-11,0.0,0,0,0,0.0,0.0,272,111,0.0,0.0,0.0,206.0,83.0,83.0,0.0,0.0,,89,0,0,206,183,189,0.0,0.0,,,0,0,0,250.0,128.0,133.0,0,0.0,0.0,0.0,0.0,0.0,250.0,139.0,178.0,0,0.0,0.0,206,150,356,0,0,222,189,200
2020-10-12,0.0,0,0,0,0.0,0.0,206,28,0.0,0.0,0.0,139.0,67.0,94.0,0.0,0.0,,0,0,0,272,183,194,0.0,0.0,,,0,0,0,261.0,128.0,128.0,0,0.0,0.0,25.0,0.0,0.0,272.0,150.0,183.0,160,0.0,0.0,222,156,5,0,0,239,161,172
2020-10-13,13.0,0,0,0,0.0,0.0,172,56,109.0,0.0,0.0,206.0,67.0,72.0,0.0,0.0,,0,0,0,244,83,83,0.0,0.0,,,0,0,0,189.0,78.0,106.0,0,0.0,0.0,0.0,0.0,0.0,206.0,106.0,144.0,48,0.0,0.0,183,89,0,0,0,278,78,89
2020-10-14,0.0,0,0,5,0.0,0.0,161,17,3.0,0.0,0.0,189.0,44.0,56.0,0.0,0.0,,0,0,0,239,78,100,0.0,0.0,,,0,0,0,211.0,72.0,111.0,0,0.0,0.0,0.0,0.0,0.0,244.0,61.0,200.0,0,0.0,0.0,189,61,0,0,0,244,44,72
2020-10-15,0.0,0,0,3,0.0,0.0,122,-10,0.0,0.0,0.0,189.0,44.0,139.0,0.0,0.0,,0,0,0,261,94,144,0.0,0.0,,,0,0,0,,,,0,0.0,0.0,74.0,0.0,0.0,211.0,106.0,106.0,23,0.0,0.0,194,89,0,0,0,283,67,117
2020-10-16,0.0,0,0,0,0.0,0.0,94,-27,3.0,0.0,0.0,139.0,-6.0,0.0,0.0,0.0,,0,0,0,161,61,61,0.0,0.0,,,0,0,0,128.0,17.0,17.0,0,0.0,0.0,0.0,0.0,0.0,133.0,-6.0,67.0,0,0.0,0.0,128,44,41,0,0,206,61,67
2020-10-17,0.0,0,0,0,0.0,0.0,61,-16,13.0,0.0,0.0,111.0,-6.0,22.0,0.0,0.0,,0,0,0,172,50,50,0.0,0.0,,,0,0,0,128.0,17.0,117.0,25,0.0,0.0,0.0,0.0,0.0,156.0,-6.0,122.0,0,0.0,0.0,150,17,0,0,0,183,28,44
2020-10-18,0.0,0,0,0,0.0,0.0,56,-43,0.0,0.0,0.0,117.0,22.0,111.0,0.0,0.0,,0,0,0,200,44,139,0.0,0.0,,,13,0,0,200.0,28.0,28.0,0,0.0,0.0,20.0,0.0,0.0,183.0,94.0,156.0,3,0.0,0.0,139,89,0,0,0,211,28,156
2020-10-19,56.0,0,0,15,13.0,0.0,17,-16,56.0,0.0,0.0,111.0,17.0,28.0,71.0,,,241,0,0,217,106,106,0.0,0.0,,,5,0,0,56.0,6.0,17.0,0,0.0,0.0,160.0,0.0,0.0,178.0,100.0,106.0,137,0.0,0.0,139,100,0,0,0,261,156,172
2020-10-20,18.0,0,0,124,46.0,0.0,33,11,5.0,0.0,0.0,94.0,28.0,56.0,3.0,,,0,0,0,122,94,106,0.0,0.0,,,0,0,0,28.0,-6.0,11.0,0,0.0,0.0,221.0,0.0,0.0,161.0,83.0,150.0,127,0.0,0.0,139,106,0,0,0,283,167,178
2020-10-21,33.0,0,0,3,3.0,0.0,22,-27,69.0,0.0,0.0,111.0,44.0,111.0,91.0,,,18,0,0,178,106,128,0.0,,,,3,0,0,61.0,6.0,17.0,51,25.0,25.0,340.0,0.0,0.0,194.0,122.0,144.0,10,0.0,0.0,194,139,0,0,0,289,161,167
2020-10-22,541.0,0,0,145,183.0,100.0,0,-16,30.0,0.0,0.0,122.0,67.0,67.0,18.0,,,0,0,0,272,122,161,0.0,,,,236,0,0,111.0,11.0,83.0,0,0.0,0.0,0.0,0.0,0.0,261.0,139.0,200.0,0,0.0,0.0,261,150,0,0,0,294,161,178
2020-10-23,0.0,0,0,0,0.0,150.0,-5,-121,74.0,0.0,0.0,161.0,61.0,156.0,0.0,0.0,,0,0,0,278,161,189,127.0,,,,335,0,0,256.0,22.0,28.0,0,0.0,0.0,135.0,0.0,0.0,256.0,106.0,106.0,94,0.0,0.0,261,122,0,0,0,300,178,200
2020-10-24,114.0,0,0,18,15.0,130.0,-27,-88,221.0,0.0,0.0,233.0,28.0,28.0,53.0,,,330,0,0,239,67,72,0.0,0.0,,,0,0,0,50.0,-11.0,-6.0,0,0.0,0.0,0.0,0.0,0.0,117.0,50.0,117.0,3,0.0,0.0,122,33,38,0,0,289,89,89
2020-10-25,0.0,0,0,10,15.0,150.0,-32,-116,5.0,0.0,0.0,67.0,22.0,28.0,0.0,0.0,,0,0,0,89,67,78,0.0,0.0,,,0,0,0,33.0,-11.0,11.0,0,0.0,0.0,0.0,0.0,0.0,117.0,56.0,67.0,0,0.0,0.0,100,22,8,0,0,117,83,106
2020-10-26,5.0,0,0,0,0.0,150.0,-49,-193,8.0,0.0,0.0,72.0,28.0,50.0,0.0,0.0,,0,0,0,100,78,89,0.0,0.0,,,13,10,0,22.0,-33.0,-28.0,0,0.0,0.0,25.0,0.0,0.0,89.0,61.0,67.0,30,0.0,0.0,106,72,0,0,0,261,106,117
2020-10-27,13.0,0,0,0,0.0,130.0,0,-171,23.0,0.0,0.0,56.0,33.0,33.0,152.0,5.0,0.0,33,0,0,106,50,50,5.0,13.0,13.0,5.0,0,0,0,-6.0,-28.0,-28.0,0,0.0,0.0,18.0,0.0,0.0,78.0,50.0,67.0,41,0.0,0.0,94,72,0,0,0,144,111,117
2020-10-28,0.0,0,0,0,0.0,130.0,72,-38,13.0,0.0,0.0,39.0,6.0,11.0,28.0,,,5,0,0,72,44,61,0.0,,,,0,0,0,17.0,-28.0,-6.0,0,0.0,0.0,15.0,0.0,0.0,111.0,61.0,100.0,30,0.0,0.0,111,78,8,0,0,167,117,122
2020-10-29,0.0,0,0,0,0.0,0.0,28,-55,0.0,0.0,0.0,106.0,11.0,56.0,104.0,,,559,0,0,111,61,111,64.0,,,,0,0,0,111.0,-17.0,22.0,13,25.0,25.0,361.0,0.0,0.0,139.0,61.0,61.0,391,0.0,0.0,94,72,602,0,0,222,122,133
2020-10-30,0.0,0,0,0,0.0,0.0,83,-60,23.0,0.0,0.0,72.0,11.0,11.0,15.0,,,25,0,0,117,22,22,0.0,0.0,,,0,0,0,61.0,-33.0,-33.0,0,0.0,0.0,0.0,0.0,0.0,89.0,6.0,6.0,33,0.0,0.0,83,33,30,0,0,139,56,61
2020-10-31,0.0,0,0,0,0.0,0.0,117,-10,0.0,0.0,0.0,17.0,-56.0,-50.0,0.0,0.0,,0,0,0,117,17,44,0.0,0.0,,,0,0,0,100.0,-33.0,44.0,0,0.0,0.0,0.0,0.0,0.0,139.0,-17.0,94.0,0,0.0,0.0,100,-5,0,0,0,150,33,133
2020-11-01,0.0,0,0,0,0.0,0.0,61,-55,51.0,0.0,0.0,100.0,-56.0,56.0,0.0,0.0,,0,0,0,161,39,89,0.0,0.0,,,0,0,0,72.0,-39.0,56.0,0,0.0,0.0,0.0,0.0,0.0,111.0,-6.0,-6.0,25,8.0,0.0,106,-5,0,0,0,211,61,150
2020-11-02,0.0,0,0,0,0.0,0.0,206,-32,3.0,0.0,0.0,56.0,-11.0,-6.0,0.0,0.0,,0,0,0,156,6,6,0.0,0.0,,,0,0,0,194.0,-6.0,17.0,0,0.0,0.0,0.0,0.0,0.0,89.0,-28.0,50.0,0,0.0,0.0,67,-5,0,0,0,178,-17,-17
2020-11-03,0.0,0,0,0,0.0,0.0,244,0,0.0,0.0,0.0,72.0,-6.0,22.0,0.0,0.0,,0,0,0,139,6,39,0.0,0.0,,,0,0,0,156.0,17.0,17.0,0,0.0,0.0,0.0,0.0,0.0,,,106.0,0,0.0,0.0,150,6,0,0,0,161,-17,11
2020-11-04,0.0,0,0,0,0.0,0.0,256,-27,0.0,0.0,0.0,139.0,22.0,78.0,0.0,0.0,,0,0,0,200,39,78,0.0,0.0,,,0,0,0,233.0,6.0,111.0,0,0.0,0.0,0.0,0.0,0.0,217.0,33.0,150.0,0,0.0,0.0,200,56,0,0,0,217,11,50
2020-11-05,0.0,0,0,0,0.0,0.0,217,-10,0.0,0.0,0.0,222.0,78.0,100.0,0.0,0.0,,0,0,0,228,78,94,0.0,0.0,,,0,0,0,217.0,106.0,106.0,0,0.0,0.0,0.0,0.0,0.0,194.0,117.0,117.0,0,0.0,0.0,211,83,0,0,0,217,50,89
2020-11-06,0.0,0,0,0,0.0,0.0,250,44,0.0,0.0,0.0,189.0,94.0,100.0,0.0,0.0,,0,0,0,211,67,72,0.0,0.0,,,0,0,0,222.0,100.0,117.0,0,0.0,0.0,0.0,0.0,0.0,,,117.0,0,0.0,0.0,206,78,0,0,0,233,56,56
2020-11-07,0.0,0,0,0,0.0,0.0,189,22,0.0,0.0,0.0,206.0,100.0,133.0,0.0,0.0,,0,0,0,211,72,94,0.0,0.0,,,0,0,0,228.0,117.0,117.0,0,0.0,0.0,0.0,0.0,0.0,222.0,61.0,94.0,0,0.0,0.0,222,78,0,0,0,244,56,133
2020-11-08,0.0,0,0,0,0.0,0.0,217,22,0.0,0.0,0.0,217.0,78.0,83.0,0.0,0.0,,0,0,0,239,94,194,0.0,0.0,,,0,0,0,217.0,117.0,156.0,0,0.0,0.0,0.0,0.0,0.0,256.0,83.0,172.0,0,0.0,0.0,244,89,0,0,0,272,122,217
2020-11-09,0.0,0,0,51,61.0,0.0,22,-93,0.0,0.0,0.0,233.0,78.0,139.0,0.0,0.0,,0,0,0,250,161,172,0.0,0.0,,,0,0,0,233.0,156.0,178.0,0,0.0,0.0,0.0,0.0,0.0,244.0,117.0,194.0,0,0.0,0.0,244,106,0,0,0,278,161,161
2020-11-10,0.0,0,0,0,0.0,50.0,-16,-143,0.0,0.0,0.0,244.0,139.0,178.0,0.0,0.0,,0,0,0,250,167,178,64.0,,,,51,0,0,228.0,33.0,39.0,0,0.0,0.0,74.0,0.0,0.0,267.0,161.0,167.0,0,0.0,0.0,250,139,0,0,0,250,161,200
2020-11-11,140.0,0,0,0,0.0,30.0,94,-93,25.0,0.0,0.0,239.0,67.0,67.0,183.0,,,0,0,0,267,83,83,13.0,,,,183,0,0,117.0,-28.0,-28.0,0,0.0,0.0,23.0,0.0,0.0,167.0,-6.0,0.0,91,0.0,0.0,217,50,20,0,0,217,144,150
2020-11-12,0.0,0,0,5,8.0,0.0,0,-105,0.0,0.0,0.0,67.0,-22.0,-17.0,0.0,0.0,,0,0,0,144,39,39,0.0,0.0,,,0,0,0,100.0,-28.0,17.0,0,0.0,0.0,0.0,0.0,0.0,111.0,-11.0,22.0,0,0.0,0.0,122,28,0,0,0,206,50,50
2020-11-13,8.0,0,0,0,0.0,0.0,56,-93,0.0,0.0,0.0,106.0,-22.0,39.0,0.0,0.0,,0,0,0,167,33,72,0.0,0.0,,,0,0,0,128.0,-72.0,-67.0,0,0.0,0.0,0.0,0.0,0.0,78.0,-22.0,-22.0,0,0.0,0.0,128,6,0,0,0,211,44,100
2020-11-14,0.0,0,0,0,0.0,0.0,139,17,3.0,0.0,0.0,61.0,-33.0,-33.0,79.0,,,0,0,0,128,72,83,0.0,0.0,,,0,0,0,56.0,-67.0,50.0,0,0.0,0.0,64.0,0.0,0.0,200.0,-28.0,133.0,0,0.0,0.0,89,-38,0,0,0,189,67,144
2020-11-15,76.0,0,0,0,0.0,0.0,44,-43,109.0,0.0,0.0,78.0,-33.0,78.0,81.0,,,140,0,0,217,78,94,0.0,0.0,,,8,0,0,133.0,22.0,22.0,0,0.0,0.0,114.0,0.0,0.0,167.0,50.0,50.0,51,0.0,0.0,150,33,79,0,0,239,122,133
2020-11-16,8.0,0,0,0,0.0,0.0,72,-88,18.0,0.0,0.0,117.0,17.0,17.0,0.0,0.0,,0,0,0,144,22,28,0.0,0.0,,,0,0,0,89.0,-22.0,-22.0,0,0.0,0.0,0.0,0.0,0.0,117.0,11.0,78.0,0,0.0,0.0,89,28,0,0,0,178,-6,0
2020-11-17,0.0,0,0,0,0.0,0.0,94,-99,0.0,0.0,0.0,28.0,-17.0,-6.0,0.0,0.0,,0,0,0,183,28,67,0.0,0.0,,,0,0,0,156.0,-44.0,-39.0,0,0.0,0.0,0.0,0.0,0.0,78.0,-17.0,-11.0,10,10.0,0.0,56,0,0,0,0,194,-6,11
2020-11-18,0.0,0,0,0,0.0,0.0,144,6,3.0,3.0,0.0,11.0,-44.0,-44.0,0.0,0.0,,0,0,0,144,22,22,0.0,0.0,,,0,0,0,61.0,-39.0,-11.0,0,0.0,0.0,0.0,0.0,0.0,56.0,-11.0,56.0,0,0.0,0.0,61,-16,0,0,0,167,6,11
2020-11-19,0.0,0,0,0,0.0,0.0,133,-43,0.0,0.0,0.0,67.0,-44.0,61.0,0.0,0.0,,0,0,0,161,17,72,0.0,0.0,,,0,0,0,167.0,-11.0,128.0,3,0.0,0.0,0.0,0.0,0.0,178.0,50.0,133.0,0,0.0,0.0,183,22,0,0,0,206,11,83
2020-11-20,0.0,0,0,0,0.0,0.0,33,-88,0.0,0.0,0.0,156.0,61.0,128.0,0.0,0.0,,0,0,0,200,72,117,0.0,0.0,,,0,0,0,211.0,33.0,44.0,38,0.0,0.0,0.0,0.0,0.0,178.0,94.0,94.0,0,0.0,0.0,172,100,0,0,0,222,78,94
2020-11-21,0.0,0,0,36,0.0,0.0,89,-93,0.0,0.0,0.0,161.0,28.0,28.0,30.0,,,0,0,0,200,111,111,0.0,0.0,,,0,0,0,128.0,11.0,11.0,0,0.0,0.0,38.0,0.0,0.0,133.0,56.0,56.0,0,0.0,0.0,100,17,0,0,0,233,89,122
2020-11-22,0.0,0,0,0,0.0,0.0,67,-66,0.0,0.0,0.0,56.0,-22.0,-6.0,119.0,,,203,0,0,161,106,106,15.0,,,,0,0,0,67.0,-22.0,6.0,0,0.0,0.0,279.0,0.0,0.0,144.0,33.0,44.0,157,0.0,0.0,72,17,0,0,0,239,122,133
2020-11-23,0.0,0,0,0,0.0,0.0,83,-82,23.0,13.0,25.0,28.0,-11.0,11.0,0.0,0.0,,0,0,0,106,22,22,0.0,0.0,,,0,0,0,111.0,-39.0,-33.0,0,0.0,0.0,0.0,0.0,0.0,78.0,28.0,33.0,0,0.0,0.0,61,11,58,0,0,144,0,0
2020-11-24,71.0,25,25,0,0.0,0.0,39,-43,0.0,0.0,0.0,50.0,-50.0,-50.0,20.0,,,0,0,0,117,22,44,10.0,,,,173,13,0,28.0,-39.0,17.0,0,0.0,0.0,33.0,0.0,0.0,78.0,33.0,72.0,0,0.0,0.0,61,-16,0,0,0,139,0,22
2020-11-25,142.0,0,0,0,0.0,0.0,28,-66,81.0,0.0,0.0,33.0,-50.0,33.0,295.0,,,305,0,0,139,44,139,127.0,,,,361,0,0,72.0,17.0,44.0,0,0.0,0.0,264.0,0.0,0.0,144.0,72.0,106.0,127,0.0,0.0,128,28,102,0,0,178,17,156
2020-11-26,64.0,0,0,0,0.0,0.0,78,-78,81.0,0.0,0.0,72.0,33.0,61.0,46.0,,,0,0,0,144,50,50,0.0,0.0,,,147,0,0,44.0,11.0,11.0,0,0.0,0.0,5.0,0.0,0.0,106.0,83.0,83.0,15,0.0,0.0,128,83,0,0,0,217,17,33
2020-11-27,0.0,0,0,0,0.0,0.0,106,-111,0.0,0.0,0.0,61.0,44.0,44.0,0.0,0.0,,0,0,0,133,50,50,0.0,0.0,,,0,0,0,139.0,0.0,0.0,0,0.0,0.0,0.0,0.0,0.0,94.0,28.0,28.0,3,0.0,0.0,100,61,0,0,0,183,22,111
2020-11-28,0.0,0,0,0,0.0,0.0,156,-61,0.0,0.0,0.0,67.0,-6.0,-6.0,0.0,0.0,,0,0,0,128,28,28,0.0,0.0,,,0,0,0,72.0,-6.0,22.0,0,0.0,0.0,0.0,0.0,0.0,89.0,-17.0,6.0,0,0.0,0.0,72,6,0,0,0,183,33,89
2020-11-29,0.0,0,0,0,0.0,0.0,56,-117,0.0,0.0,0.0,67.0,-22.0,22.0,0.0,0.0,,0,0,0,100,0,17,0.0,0.0,,,0,0,0,144.0,11.0,11.0,0,0.0,0.0,0.0,0.0,0.0,111.0,-17.0,44.0,0,0.0,0.0,111,-11,0,0,0,150,17,89
2020-11-30,0.0,0,0,0,0.0,0.0,56,-150,3.0,0.0,0.0,111.0,11.0,11.0,0.0,0.0,,0,0,0,78,-11,-11,0.0,0.0,,,0,0,0,56.0,-72.0,-72.0,0,0.0,0.0,58.0,25.0,25.0,111.0,-17.0,-11.0,231,0.0,0.0,72,11,127,0,0,100,28,28
2020-12-01,0.0,0,0,0,0.0,0.0,56,-100,58.0,64.0,76.0,17.0,-28.0,-22.0,0.0,0.0,,0,0,0,39,-39,-33,0.0,0.0,,,0,0,0,-6.0,-106.0,-94.0,0,0.0,0.0,,,,,,,51,51.0,25.0,11,-22,0,0,0,33,-72,-61
2020-12-02,0.0,0,0,0,0.0,0.0,50,-83,3.0,3.0,51.0,6.0,-28.0,-22.0,0.0,0.0,,0,0,0,72,-39,-11,0.0,0.0,,,0,0,0,44.0,-94.0,-89.0,0,0.0,0.0,,,,,,,0,0.0,51.0,22,-28,0,0,0,100,-72,-50
2020-12-03,0.0,0,0,0,0.0,0.0,106,-93,0.0,0.0,25.0,50.0,-28.0,6.0,0.0,0.0,,0,0,0,94,-17,39,0.0,0.0,,,0,0,0,67.0,-89.0,-56.0,0,0.0,0.0,,,,,,,0,0.0,30.0,33,-43,0,0,0,128,-50,28
2020-12-04,0.0,0,0,0,0.0,0.0,122,-60,5.0,0.0,25.0,22.0,0.0,17.0,0.0,0.0,,13,0,0,56,33,44,0.0,0.0,,,0,0,0,67.0,-56.0,-22.0,0,0.0,0.0,,,,,,,0,0.0,30.0,83,6,152,0,0,67,22,44
2020-12-05,0.0,0,0,0,0.0,0.0,117,-71,0.0,0.0,0.0,44.0,-6.0,-6.0,0.0,0.0,,0,0,0,106,6,11,0.0,0.0,,,0,0,0,100.0,-44.0,-44.0,0,0.0,0.0,,,,,,,10,8.0,0.0,44,0,0,0,0,72,-11,6
2020-12-06,0.0,0,0,0,0.0,0.0,117,-82,3.0,3.0,0.0,-6.0,-22.0,-22.0,0.0,0.0,,0,0,0,150,0,28,0.0,0.0,,,0,0,0,89.0,-44.0,-28.0,0,0.0,0.0,,,,,,,0,0.0,0.0,6,-10,0,0,0,161,0,67
2020-12-07,0.0,0,0,0,0.0,0.0,150,-99,0.0,0.0,0.0,-6.0,-22.0,-17.0,0.0,0.0,,0,0,0,117,0,17,0.0,0.0,,,0,0,0,50.0,-33.0,-6.0,0,0.0,0.0,,,,,,,0,0.0,0.0,11,-10,0,0,0,156,0,17
2020-12-08,0.0,0,0,0,0.0,0.0,167,-43,0.0,0.0,0.0,6.0,-44.0,-17.0,0.0,0.0,,0,0,0,106,-11,-11,0.0,0.0,,,0,0,0,0.0,-11.0,-11.0,0,0.0,0.0,,,,,,,0,0.0,0.0,11,-5,0,0,0,83,-33,-33
2020-12-09,0.0,0,0,0,0.0,0.0,117,-49,0.0,0.0,0.0,17.0,-22.0,17.0,0.0,0.0,,0,0,0,106,-11,22,0.0,0.0,,,0,0,0,72.0,-11.0,28.0,0,0.0,0.0,,,,,,,0,0.0,0.0,61,-5,0,0,0,156,-39,33
2020-12-10,0.0,0,0,0,0.0,0.0,61,-55,0.0,0.0,0.0,39.0,-22.0,-22.0,0.0,0.0,,0,0,0,194,17,28,0.0,0.0,,,0,0,0,144.0,-22.0,0.0,0,0.0,0.0,,,,,,,0,0.0,0.0,106,11,0,0,0,200,22,44
2020-12-11,0.0,0,0,0,0.0,0.0,-5,-43,0.0,0.0,0.0,72.0,-33.0,11.0,0.0,0.0,,0,0,0,200,28,72,0.0,,,,0,0,0,172.0,0.0,28.0,0,0.0,0.0,,,,,,,0,0.0,0.0,161,33,0,0,0,244,44,167
2020-12-12,221.0,0,0,0,0.0,0.0,-43,-60,94.0,0.0,0.0,50.0,6.0,33.0,130.0,,,157,0,0,161,67,67,0.0,,,,178,58,51,39.0,-6.0,-6.0,0,0.0,0.0,,,,,,,20,0.0,0.0,150,67,38,0,0,200,133,156
2020-12-13,25.0,0,0,3,0.0,0.0,6,-149,188.0,3.0,0.0,83.0,-28.0,-28.0,0.0,0.0,,0,0,0,78,39,39,0.0,0.0,,,13,18,51,-6.0,-78.0,-78.0,0,0.0,0.0,,,,,,,5,0.0,0.0,67,11,0,0,0,178,-22,56
2020-12-14,0.0,0,0,0,0.0,0.0,-71,-155,0.0,0.0,0.0,0.0,-33.0,-22.0,0.0,0.0,,178,0,0,44,-11,-6,0.0,0.0,,,0,0,25,-28.0,-106.0,-89.0,0,0.0,0.0,,,,,,,0,0.0,0.0,22,-10,262,0,0,106,17,28
2020-12-15,0.0,0,0,0,0.0,0.0,-16,-105,0.0,0.0,0.0,-6.0,-56.0,-56.0,0.0,0.0,,0,0,0,44,-22,-22,0.0,0.0,,,0,0,0,-50.0,-89.0,-83.0,0,0.0,0.0,,,,,,,0,0.0,0.0,6,-21,0,0,0,39,-17,-11
2020-12-16,0.0,0,0,0,0.0,0.0,17,-110,0.0,0.0,0.0,-33.0,-56.0,-39.0,0.0,0.0,,0,0,0,0,-22,-6,5.0,25.0,25.0,5.0,0,0,0,-39.0,-94.0,-89.0,0,0.0,0.0,,,,,,,48,48.0,0.0,0,-27,23,0,0,94,-17,6
2020-12-17,0.0,0,0,0,0.0,0.0,44,-138,0.0,0.0,0.0,-17.0,-39.0,-33.0,0.0,0.0,,0,0,0,22,-33,-33,0.0,0.0,,,0,0,0,-22.0,-106.0,-61.0,0,0.0,0.0,,,,,,,20,23.0,50.0,6,-32,0,0,0,22,-50,-39
2020-12-18,0.0,0,0,0,0.0,0.0,50,-155,3.0,8.0,25.0,-17.0,-33.0,-22.0,0.0,0.0,,0,0,0,39,-39,-17,0.0,0.0,,,0,0,0,0.0,-61.0,-33.0,0,0.0,0.0,,,,,,,8,8.0,80.0,6,-27,0,0,0,61,-56,-50
2020-12-19,0.0,0,0,0,0.0,0.0,28,-182,0.0,0.0,0.0,6.0,-22.0,-11.0,0.0,0.0,,0,0,0,89,-17,56,0.0,0.0,,,0,0,0,67.0,-33.0,0.0,0,0.0,0.0,,,,,,,30,23.0,50.0,22,-27,0,0,0,117,-50,61
2020-12-20,0.0,0,0,3,0.0,0.0,72,-32,5.0,0.0,0.0,17.0,-11.0,17.0,0.0,0.0,,15,0,0,61,44,50,0.0,0.0,,,0,0,0,0.0,-67.0,-28.0,0,0.0,0.0,,,,,,,46,48.0,80.0,28,11,173,0,0,78,56,67
2020-12-21,0.0,0,0,0,0.0,0.0,56,-88,0.0,0.0,0.0,22.0,-6.0,0.0,0.0,0.0,,0,0,0,133,11,133,,,,,0,0,0,61.0,-28.0,33.0,0,0.0,0.0,,,,,,,18,0.0,30.0,44,17,0,0,0,94,33,56
2020-12-22,0.0,0,0,0,0.0,0.0,150,-21,23.0,3.0,0.0,28.0,-6.0,-6.0,0.0,0.0,,0,0,0,178,22,111,0.0,0.0,,,0,0,0,94.0,-39.0,-17.0,0,0.0,0.0,,,,,,,23,18.0,0.0,39,6,0,0,0,172,-6,0
2020-12-23,0.0,0,0,13,25.0,0.0,22,-182,0.0,0.0,0.0,22.0,-17.0,17.0,0.0,0.0,,0,0,0,139,67,117,0.0,0.0,,,0,0,0,111.0,-17.0,106.0,0,0.0,0.0,,,,,,,3,0.0,0.0,106,-10,0,0,0,183,-6,78
2020-12-24,20.0,0,0,0,0.0,30.0,-105,-216,15.0,0.0,0.0,89.0,6.0,6.0,5.0,,,91,0,0,139,-33,-33,0.0,0.0,,,0,0,0,133.0,-144.0,-144.0,0,0.0,0.0,,,,,,,152,112.0,0.0,117,-66,279,0,0,167,-17,-11
2020-12-25,0.0,0,0,0,0.0,30.0,61,-143,5.0,10.0,25.0,6.0,-72.0,-72.0,0.0,0.0,,0,0,0,11,-83,-39,0.0,0.0,,,0,0,0,-94.0,-172.0,-161.0,0,0.0,0.0,,,,,,,71,135.0,150.0,-66,-93,0,0,0,22,-83,-28
2020-12-26,0.0,0,0,0,0.0,0.0,11,-138,25.0,25.0,51.0,-44.0,-72.0,-50.0,0.0,0.0,,0,0,0,11,-39,6,0.0,0.0,,,0,0,0,-11.0,-161.0,-72.0,0,0.0,0.0,,,,,,,5,13.0,200.0,-49,-105,0,0,0,6,-72,-50
2020-12-27,0.0,0,0,0,0.0,0.0,-16,-121,3.0,3.0,25.0,-28.0,-50.0,-39.0,0.0,0.0,,0,0,0,111,6,61,0.0,0.0,,,0,0,0,39.0,-78.0,-33.0,0,0.0,0.0,,,,,,,0,0.0,200.0,72,-99,0,0,0,128,-56,122
2020-12-28,0.0,0,0,0,0.0,0.0,-21,-155,64.0,3.0,0.0,28.0,-39.0,-11.0,0.0,0.0,,0,0,0,144,28,28,0.0,0.0,,,0,0,0,17.0,-56.0,-56.0,0,0.0,0.0,,,,,,,0,0.0,50.0,83,-10,0,0,0,183,94,100
2020-12-29,0.0,0,0,76,94.0,0.0,-32,-110,0.0,0.0,0.0,0.0,-72.0,-72.0,0.0,0.0,,0,0,0,83,-11,-6,0.0,0.0,,,0,0,0,-22.0,-72.0,-50.0,0,0.0,0.0,,,,,,,0,0.0,30.0,11,-60,0,0,0,128,-6,-6
2020-12-31,0.0,0,51,0,0.0,100.0,-60,-149,41.0,0.0,25.0,22.0,-28.0,-22.0,15.0,3.0,0.0,229,0,0,122,11,11,0.0,0.0,,,0,0,102,-22.0,-117.0,-117.0,0,0.0,0.0,,,,,,,8,18.0,30.0,6,-10,597,0,0,206,28,28
2020-12-30,,76,76,0,,,-32,-138,58.0,53.0,51.0,-17.0,-89.0,-17.0,84.0,3.0,0.0,13,0,0,111,-6,111,152.0,0.0,,,218,109,102,-6.0,-56.0,-28.0,79,76.0,76.0,,,,,,,104,,,89,-10,0,0,0,133,-11,128
